Code,Name,Close,Volume,MA_5,fast_%K,slow_%K,slow_%D,RSI,prediction_label,prediction_score
5930,삼성전자,0.8506069,0.42804685,0.8032028,0.86538464,0.87152964,0.7255686,0.9578827,1,0.9969
5930,삼성전자,0.86741364,0.3912874,0.8267413,0.92957747,0.8875156,0.8054759,0.96227175,1,0.9935
5930,삼성전자,0.8356676,0.46607015,0.840247,0.6805556,0.85693455,0.8520621,0.84988964,1,0.8938
5930,삼성전자,0.8487395,0.36148846,0.8579973,0.7777778,0.85751396,0.882398,0.8612657,1,0.7901
5930,삼성전자,0.9589169,0.6534803,0.8880957,0.877551,0.8389249,0.87187994,0.9286439,1,0.9978
5930,삼성전자,1.0,1.0,0.9189659,0.6184211,0.7874095,0.85427415,0.9658991,1,0.9993
5930,삼성전자,0.99253035,0.5390818,0.9448196,0.5782313,0.7141204,0.81798375,0.96173656,1,0.9343
5930,삼성전자,0.9757236,0.39940622,0.97376037,0.4964539,0.67571765,0.7800563,0.92577815,0,0.6191
5930,삼성전자,0.9757236,0.29227203,1.0,0.48550725,0.61475146,0.72924775,0.9535147,0,0.931
5930,삼성전자,0.9439776,0.3702051,0.99691296,0.022222223,0.436334,0.6449883,0.8738724,0,0.8898
5930,삼성전자,0.8879552,0.4786821,0.97376037,0.116883114,0.3317156,0.5496147,0.7174393,-1,0.6772
5930,삼성전자,0.92530346,0.44177535,0.9598688,0.41463414,0.29759005,0.46243778,0.73527956,0,0.8706
5930,삼성전자,0.9290383,0.27917388,0.9502219,0.4390244,0.28561053,0.38079107,0.75105155,0,0.974
5930,삼성전자,0.945845,0.28035748,0.94404787,0.5487805,0.29880902,0.3146665,0.72195244,0,0.9707
5930,삼성전자,0.92156863,0.34174475,0.9394173,0.52459013,0.40360054,0.3078156,0.6408854,0,0.9412
5930,삼성전자,0.9701214,0.30184573,0.9563959,0.9206349,0.57125926,0.35795045,0.6751679,1,0.7107
5930,삼성전자,0.9197012,0.36740494,0.9552383,0.11111111,0.50794584,0.40197647,0.64625853,0,0.9527
5930,삼성전자,0.89915967,0.29259428,0.94906425,0.0,0.41636747,0.429343,0.60307455,0,0.9324
5930,삼성전자,0.8636788,0.35279766,0.9320857,0.07462686,0.31746134,0.4332468,0.40078372,-1,0.5736
5930,삼성전자,0.8319328,0.43868515,0.91356355,0.0,0.20803437,0.39231613,0.28762498,-1,0.9557
5930,삼성전자,0.8506069,0.3105749,0.88886744,0.24390244,0.06687126,0.2867512,0.3331231,-1,0.8155
5930,삼성전자,0.8767507,0.29125446,0.8799923,0.5074627,0.14954828,0.21174107,0.39935315,0,0.8948
5930,삼성전자,0.88048553,0.24485816,0.8761335,0.6666667,0.2886117,0.18500267,0.40594703,0,0.9656
5930,삼성전자,0.84126985,0.26766372,0.871503,0.2777778,0.330988,0.18783371,0.39800027,0,0.9614
5930,삼성전자,0.859944,0.1997298,0.87729114,0.46296296,0.42755982,0.23377886,0.49800664,0,0.9522
5930,삼성전자,0.8506069,0.16985288,0.87729114,0.20930232,0.42034242,0.30775794,0.41740844,0,0.9794
5930,삼성전자,0.8450047,0.23141642,0.87073123,0.18181819,0.35241455,0.35021645,0.4027222,0,0.9301
5930,삼성전자,0.8244631,0.25497442,0.85915494,0.0,0.21335112,0.33446494,0.34344813,-1,0.5557
5930,삼성전자,0.8730159,0.2605548,0.86571485,0.8125,0.32489157,0.33318898,0.46696392,0,0.9611
5930,삼성전자,0.8860878,0.22681837,0.8711171,0.75,0.3847661,0.32423255,0.39970326,0,0.9327
5930,삼성전자,0.85434175,0.2027296,0.8718889,0.36363637,0.41695943,0.32352453,0.4247215,0,0.975
5930,삼성전자,0.8338002,0.23617081,0.8695736,0.11363637,0.40273705,0.33405668,0.4247215,0,0.9479
5930,삼성전자,0.84313726,0.28659034,0.8734324,0.32,0.4694875,0.38766426,0.50113153,0,0.962
5930,삼성전자,0.8356676,0.2814856,0.86571485,0.24,0.35006678,0.39293325,0.5487012,0,0.9174
5930,삼성전자,0.8319328,0.22797237,0.85452443,0.3125,0.2588064,0.36657074,0.49924818,0,0.869
5930,삼성전자,0.8319328,0.29685292,0.84989387,0.3125,0.2481396,0.3312379,0.4297515,0,0.8139
5930,삼성전자,0.8935574,0.37822425,0.8622419,0.97727275,0.42828995,0.33658597,0.5667592,1,0.5377
5930,삼성전자,0.84126985,0.42655775,0.86185604,0.3255814,0.4294542,0.32820728,0.54083884,0,0.9105
5930,삼성전자,0.8618114,0.37094006,0.86725837,0.5813953,0.50066763,0.359727,0.54436004,0,0.7594
5930,삼성전자,0.86928105,0.22016358,0.87497586,0.6585366,0.57284915,0.425454,0.57626796,0,0.7683
5930,삼성전자,0.83940244,0.26961976,0.8765194,0.11764706,0.5322038,0.48490664,0.53099966,0,0.9621
5930,삼성전자,0.8338002,0.22710486,0.8641713,0.23809524,0.37801495,0.47438446,0.55802304,0,0.9238
5930,삼성전자,0.8319328,0.19534938,0.8622419,0.21428572,0.3547992,0.45875967,0.45191678,0,0.8883
5930,삼성전자,0.8207283,0.2814953,0.8537527,0.23529412,0.2826042,0.4131205,0.39836863,0,0.6621
5930,삼성전자,0.81139123,0.22189425,0.8417905,0.115384616,0.16930531,0.32866156,0.43850642,0,0.5086
5930,삼성전자,0.8319328,0.26375046,0.840247,0.5833333,0.26644522,0.27304012,0.5363896,0,0.963
5930,삼성전자,0.8468721,0.14982998,0.8429481,0.7586207,0.3750243,0.2724142,0.5495351,0,0.9404
5930,삼성전자,0.82819796,0.15210253,0.8421763,0.41379312,0.41664058,0.28535718,0.5242026,0,0.9691
5930,삼성전자,0.8468721,0.13613173,0.84757864,0.75,0.5240057,0.33588085,0.5722883,0,0.7881
5930,삼성전자,0.837535,0.12873036,0.8529809,0.52,0.60840654,0.4277817,0.55224186,0,0.8573
5930,삼성전자,0.8487395,0.20580257,0.8564538,0.55,0.60145336,0.49789658,0.4297515,0,0.8769
5930,삼성전자,0.83006537,0.17573217,0.8529809,0.05,0.45363852,0.51435,0.508351,0,0.9518
5930,삼성전자,0.8319328,0.14030609,0.8537527,0.14285715,0.3971226,0.510265,0.44518027,0,0.9287
5930,삼성전자,0.82819796,0.14727572,0.84989387,0.04761905,0.25060934,0.45304504,0.4065098,0,0.6604
5930,삼성전자,0.81325865,0.19850954,0.8448775,0.09677419,0.16232648,0.35968357,0.4474049,-1,0.5453
5930,삼성전자,0.8169935,0.16343097,0.8383176,0.22727273,0.09500714,0.25368786,0.48006752,0,0.6531
5930,삼성전자,0.8225957,0.14224695,0.83677405,0.36363637,0.16043016,0.19232139,0.50785315,0,0.9369
5930,삼성전자,0.8244631,0.16557156,0.8352306,0.4090909,0.21596523,0.1544064,0.55483764,0,0.9764
5930,삼성전자,0.8356676,0.14530233,0.83677405,0.9375,0.40159008,0.18600564,0.63073486,0,0.8185
5930,삼성전자,0.8207283,0.19091183,0.8383176,0.31578946,0.4472756,0.24564351,0.49779248,0,0.9499
5930,삼성전자,0.8487395,0.20681266,0.8448775,0.95,0.598033,0.35092336,0.547436,1,0.6072
5930,삼성전자,0.88422036,0.25466186,0.8576114,0.9047619,0.7109092,0.46613482,0.7201987,1,0.9417
5930,삼성전자,0.89542484,0.18000972,0.87227476,0.87234044,0.8075408,0.58994746,0.7030425,1,0.933
5930,삼성전자,0.9066293,0.2108607,0.8869381,0.9583333,0.8118865,0.6758197,0.7691851,1,0.9171
5930,삼성전자,0.89915967,0.19805443,0.9031449,0.85714287,0.9248102,0.7757644,0.7111321,1,0.8755
5930,삼성전자,0.88235295,0.21310014,0.9100907,0.3478261,0.79919964,0.81786716,0.71940154,0,0.8544
5930,삼성전자,0.8618114,0.20146692,0.9054602,0.071428575,0.6253703,0.7999645,0.63267106,0,0.9587
5930,삼성전자,0.85434175,0.14301659,0.89697087,0.032258064,0.45013323,0.72516155,0.6196165,0,0.8425
5930,삼성전자,0.86928105,0.16873935,0.8892533,0.3529412,0.32385138,0.62301916,0.7096481,0,0.9115
5930,삼성전자,0.86928105,0.15275425,0.8830793,0.41379312,0.23137076,0.4778871,0.70154524,0,0.9289
5930,삼성전자,0.87114847,0.18135428,0.880764,0.61904764,0.28794625,0.37088528,0.69311166,0,0.9828
5930,삼성전자,0.86741364,0.17085788,0.88192165,0.57894737,0.3938122,0.3224218,0.6741811,0,0.969
5930,삼성전자,0.85620916,0.16928312,0.8823075,0.2631579,0.44197682,0.32071468,0.6046112,0,0.9771
5930,삼성전자,0.86741364,0.17188154,0.88192165,0.5,0.47265255,0.35185775,0.68876445,0,0.9343
5930,삼성전자,0.84313726,0.23958582,0.8765194,0.045454547,0.39581892,0.38627562,0.5227141,0,0.9393
5930,삼성전자,0.83940244,0.15430556,0.8699595,0.0,0.2666886,0.38182652,0.3642384,0,0.7313
5930,삼성전자,0.8468721,0.19716348,0.86571485,0.5,0.25022057,0.3517738,0.34448704,0,0.8961
5930,삼성전자,0.859944,0.1715269,0.8664866,0.7916667,0.36046493,0.3347139,0.354491,0,0.9799
5930,삼성전자,0.8487395,0.14330728,0.8626278,0.68421054,0.39889035,0.319276,0.34467822,0,0.9809
5930,삼성전자,0.8338002,0.17270976,0.86069846,0.2631579,0.4443022,0.32942322,0.3495217,0,0.9766
5930,삼성전자,0.82633054,0.22147956,0.8579973,0.1,0.4651617,0.37096226,0.38724622,0,0.9623
5930,삼성전자,0.8225957,0.20677651,0.8529809,0.0,0.36086416,0.3941192,0.3994305,0,0.862
5930,삼성전자,0.82633054,0.17396745,0.8460351,0.3043478,0.2592118,0.37292764,0.33130103,0,0.8294
5930,삼성전자,0.84313726,0.13877843,0.8448775,0.72727275,0.26819438,0.34557387,0.4292372,0,0.9778
5930,삼성전자,0.837535,0.18877459,0.84564924,0.8125,0.38278446,0.3326986,0.40122905,0,0.9707
5930,삼성전자,0.83006537,0.15674323,0.846421,0.5625,0.47925973,0.33564922,0.389799,0,0.9602
5930,삼성전자,0.85434175,0.21465893,0.8529809,0.88,0.66282344,0.39884722,0.53392375,1,0.6903
5930,삼성전자,0.8169935,0.321093,0.8510515,0.041666668,0.6080294,0.47185236,0.38107917,0,0.9334
5930,삼성전자,0.7945845,0.396565,0.84101874,0.054054055,0.4675993,0.5135864,0.38539368,0,0.6643
5930,삼성전자,0.7665733,0.34870368,0.8263554,0.019607844,0.30220583,0.49672186,0.3354801,-1,0.8667
5930,삼성전자,0.7964519,0.18216828,0.8194096,0.33333334,0.2544028,0.44966087,0.41276705,0,0.7172
5930,삼성전자,0.78711486,0.19645229,0.80551803,0.2857143,0.13043766,0.3382362,0.35273713,-1,0.5563
5930,삼성전자,0.78711486,0.19372326,0.799344,0.42857143,0.21114412,0.25517085,0.3732247,0,0.8833
5930,삼성전자,0.78524745,0.18317494,0.7974146,0.44,0.29165056,0.218346,0.4000583,0,0.9649
5930,삼성전자,0.7964519,0.23211828,0.8035886,0.46153846,0.38383517,0.23543045,0.455809,0,0.946
5930,삼성전자,0.7889823,0.14836931,0.80204517,0.25,0.36645222,0.25888163,0.44691953,0,0.9738
5930,삼성전자,0.7927171,0.15091927,0.8032028,0.33333334,0.37638533,0.31035677,0.44691953,0,0.9735
5930,삼성전자,0.7908497,0.13270807,0.8039745,0.29166666,0.34782764,0.3389637,0.38328356,0,0.9604
5930,삼성전자,0.78711486,0.2568873,0.8043604,0.20833333,0.29950312,0.34060717,0.3874063,0,0.8311
5930,삼성전자,0.7964519,0.13686992,0.8043604,0.71428573,0.35222498,0.33399138,0.4395533,0,0.9783
5930,삼성전자,0.8039216,0.14751288,0.80744743,0.93333334,0.49476498,0.36084634,0.3742078,0,0.8917
5930,삼성전자,0.805789,0.15567486,0.81014854,0.6818182,0.56745726,0.40083638,0.49430224,0,0.8027
5930,삼성전자,0.8095238,0.18176657,0.81400734,0.73913044,0.660796,0.4663385,0.6125828,1,0.5031
5930,삼성전자,0.8468721,0.32717592,0.8263554,0.9444444,0.81434524,0.5740914,0.89851874,1,0.9866
5930,삼성전자,0.8356676,0.20056501,0.8344588,0.7647059,0.8248626,0.6730112,0.74512666,1,0.832
5930,삼성전자,0.83006537,0.18266964,0.8398611,0.62068963,0.75964665,0.7284491,0.7724333,0,0.5997
5930,삼성전자,0.83006537,0.14153214,0.8448775,0.5925926,0.7410346,0.76477766,0.7724333,0,0.8009
5930,삼성전자,0.81512606,0.16509195,0.8460351,0.0,0.5868556,0.74930245,0.6843267,0,0.9591
5930,삼성전자,0.81325865,0.19474852,0.83908933,0.05263158,0.40082777,0.6627561,0.6283908,0,0.7939
5930,삼성전자,0.81325865,0.1560022,0.8344588,0.14285715,0.27111316,0.54686016,0.6765001,0,0.7754
5930,삼성전자,0.8039216,0.116825655,0.8290565,0.0,0.14164029,0.41751567,0.6002131,-1,0.5029
5930,삼성전자,0.81139123,0.11157249,0.82519776,0.26666668,0.07365373,0.27783746,0.6443383,0,0.7825
5930,삼성전자,0.82819796,0.1661,0.8278989,0.9285714,0.2673492,0.21096699,0.726529,0,0.9573
5930,삼성전자,0.81139123,0.15510993,0.82751304,0.2857143,0.31596914,0.19320667,0.6046112,0,0.979
5930,삼성전자,0.8039216,0.16517942,0.82558364,0.0,0.28616983,0.19635792,0.54083884,0,0.9567
5930,삼성전자,0.7927171,0.17787643,0.82326835,0.13043478,0.3133779,0.23230141,0.48866144,0,0.9497
5930,삼성전자,0.7945845,0.13037165,0.8197955,0.17391305,0.29402995,0.27842465,0.4804229,0,0.9454
5930,삼성전자,0.7964519,0.15343964,0.8132356,0.29411766,0.16168596,0.25631005,0.26896712,0,0.711
5930,삼성전자,0.8169935,0.20786043,0.8143932,0.8888889,0.28750527,0.25035274,0.44826603,0,0.9671
5930,삼성전자,0.8244631,0.14928553,0.81863785,0.8695652,0.46889234,0.28859532,0.51350784,0,0.793
5930,삼성전자,0.83006537,0.12821414,0.8263554,0.95238096,0.64034635,0.35702753,0.54083884,1,0.649
5930,삼성전자,0.81325865,0.17434375,0.83021414,0.5,0.7083665,0.44374532,0.5322724,0,0.5805
5930,삼성전자,0.8076564,0.147151,0.8325294,0.3,0.70959353,0.5584186,0.51588446,0,0.8711
5930,삼성전자,0.7964519,0.14819454,0.8282848,0.04761905,0.5341087,0.610031,0.4719647,0,0.947
5930,삼성전자,0.7945845,0.09692689,0.8221108,0.045454547,0.3622032,0.5877017,0.50041974,0,0.7919
5930,삼성전자,0.80205417,0.092252485,0.81632257,0.22727273,0.21094917,0.49783182,0.50041974,0,0.6981
5930,삼성전자,0.8169935,0.13433911,0.8170943,0.8666667,0.28743404,0.40973356,0.491643,0,0.9789
5930,삼성전자,0.8095238,0.17708868,0.8174802,0.64285713,0.35895237,0.3363468,0.5320088,0,0.973
5930,삼성전자,0.7927171,0.18449455,0.81670845,0.0,0.3490193,0.29760888,0.491643,0,0.9393
5930,삼성전자,0.78338003,0.25159493,0.8143932,0.17391305,0.3758151,0.30045775,0.49924818,0,0.9415
5930,삼성전자,0.7889823,0.10816655,0.81169206,0.3043478,0.39189258,0.33832794,0.5165874,0,0.9799
5930,삼성전자,0.7908497,0.109222315,0.8062898,0.3478261,0.28366497,0.3375391,0.5165874,0,0.9568
5930,삼성전자,0.78524745,0.12818211,0.8012734,0.22727273,0.19697608,0.30363858,0.38596308,0,0.7938
5930,삼성전자,0.805789,0.15244006,0.8039745,1.0,0.40557122,0.3154745,0.4588458,0,0.922
5930,삼성전자,0.7908497,0.120250896,0.80551803,0.46666667,0.4666382,0.33448318,0.38013244,0,0.9693
5930,삼성전자,0.7759104,0.14567569,0.8028169,0.11111111,0.42632997,0.34169066,0.38571686,0,0.962
5930,삼성전자,0.7759104,0.13793792,0.7997299,0.27272728,0.4106647,0.36827084,0.40341386,0,0.9661
5930,삼성전자,0.7665733,0.13681562,0.79587114,0.045454547,0.37273833,0.40505666,0.40964994,0,0.8856
5930,삼성전자,0.7889823,0.1397334,0.7923982,0.7647059,0.32365713,0.3879126,0.5195814,0,0.9773
5930,삼성전자,0.7815126,0.10075623,0.7904688,0.6,0.3514698,0.36380866,0.46289483,0,0.9798
5930,삼성전자,0.77217555,0.11118813,0.7896971,0.26666668,0.38391793,0.35493213,0.3642384,0,0.9637
5930,삼성전자,0.7665733,0.12654386,0.7877677,0.0,0.32702836,0.33742762,0.3693988,0,0.8772
5930,삼성전자,0.7796452,0.14111346,0.7904688,0.6111111,0.44502157,0.352556,0.48727006,0,0.958
5930,삼성전자,0.7759104,0.1590196,0.7877677,0.5,0.3898052,0.36640033,0.5089527,0,0.9719
5930,삼성전자,0.7665733,0.1530727,0.78468066,0.2857143,0.32424673,0.36070272,0.44776565,0,0.9288
5930,삼성전자,0.7815126,0.12999249,0.78661007,0.85714287,0.4474172,0.37399268,0.5054098,0,0.937
5930,삼성전자,0.8207283,0.26952043,0.7978005,1.0,0.65601236,0.44284675,0.65099114,1,0.9012
5930,삼성전자,0.8487395,0.28394923,0.81207794,0.95652175,0.72806334,0.50208545,0.6690028,1,0.9675
5930,삼성전자,0.8338002,0.20469773,0.8240401,0.75,0.7802121,0.5837949,0.6690028,1,0.8501
5930,삼성전자,0.8225957,0.14774872,0.8356164,0.6086956,0.8475845,0.6933259,0.68290603,1,0.6279
5930,삼성전자,0.8225957,0.17188837,0.8441057,0.55,0.78351593,0.763669,0.68290603,0,0.7684
5930,삼성전자,0.79831934,0.22548446,0.8394752,0.03125,0.5814394,0.7480614,0.6303542,0,0.9121
5930,삼성전자,0.7665733,0.3348734,0.82249665,0.0,0.3819136,0.67561466,0.4804229,-1,0.8241
5930,삼성전자,0.7385621,0.46912873,0.8028169,0.017857144,0.22919215,0.56029004,0.43523178,-1,0.9822
5930,삼성전자,0.69000936,0.67847675,0.77541965,0.036144577,0.10976078,0.40586862,0.3678672,-1,0.9988
5930,삼성전자,0.6862745,0.34266588,0.7472506,0.023809524,0.0,0.24188414,0.37063256,-1,0.9879
5930,삼성전자,0.6806723,0.32326284,0.7229404,0.11940298,0.018388284,0.12404143,0.32509825,-1,0.9361
5930,삼성전자,0.665733,0.24545716,0.702103,0.0,0.018388284,0.04795809,0.3104774,-1,0.8746
5930,삼성전자,0.6582633,0.2476553,0.68551034,0.057142857,0.026583094,0.0055534136,0.31283075,-1,0.7732
5930,삼성전자,0.6694678,0.21465473,0.68126565,0.30769232,0.083226636,0.0,0.30169243,0,0.6767
5930,삼성전자,0.7124183,0.23272952,0.686668,0.96875,0.28033662,0.05867252,0.31283075,0,0.776
5930,삼성전자,0.71428573,0.24715546,0.6936137,0.7804878,0.41823572,0.14235783,0.22777443,0,0.6311
5930,삼성전자,0.6937442,0.18461078,0.6994019,0.5121951,0.52507716,0.2484043,0.22197695,0,0.8249
5930,삼성전자,0.68814194,0.16801451,0.70557594,0.3611111,0.58848345,0.36600617,0.22777443,0,0.8994
5930,삼성전자,0.6937442,0.14048871,0.7105923,0.2857143,0.5838989,0.47079343,0.24748589,0,0.9466
5930,삼성전자,0.73295987,0.27274293,0.71483696,1.0,0.5904175,0.5356912,0.40036124,0,0.5029
5930,삼성전자,0.7348273,0.178446,0.71908164,0.90909094,0.6172435,0.57734215,0.46401072,0,0.6179
5930,삼성전자,0.719888,0.16994946,0.7244839,0.6666667,0.6494655,0.6033758,0.49300957,0,0.7945
5930,삼성전자,0.73109245,0.13394897,0.73335904,0.82758623,0.74676996,0.63650405,0.6671082,1,0.6011
5930,삼성전자,0.74416435,0.1424175,0.74377775,0.90909094,0.87680334,0.69780695,0.7102912,1,0.901
5930,삼성전자,0.7217554,0.14660572,0.74146247,0.21052632,0.7121229,0.723279,0.65160143,0,0.9063
5930,삼성전자,0.7254902,0.13064606,0.73953307,0.35,0.5954993,0.7187281,0.7108985,0,0.9578
5930,삼성전자,0.7068161,0.19490106,0.73683196,0.115384616,0.4805045,0.68336576,0.67174006,0,0.8319
5930,삼성전자,0.7068161,0.11187731,0.7318156,0.17857143,0.34512317,0.59930384,0.64712614,0,0.7567
5930,삼성전자,0.7254902,0.12621257,0.7279568,0.65217394,0.29153153,0.47681051,0.58313,0,0.9396
5930,삼성전자,0.73109245,0.20117182,0.7298862,0.62068963,0.37708962,0.40669036,0.5940921,0,0.9495
5930,삼성전자,0.7385621,0.14206257,0.7325873,0.7586207,0.46232593,0.3788181,0.69389254,0,0.8199
5930,삼성전자,0.7217554,0.14470352,0.7356743,0.44827586,0.5317654,0.38954663,0.6484547,0,0.8784
5930,삼성전자,0.74229693,0.18038082,0.743006,0.8076923,0.662997,0.45607543,0.6843267,1,0.6816
5930,삼성전자,0.74603176,0.18886405,0.7472506,0.8333333,0.70078593,0.54172957,0.58810544,1,0.6199
5930,삼성전자,0.74416435,0.13561945,0.7499518,0.7777778,0.73355377,0.61633503,0.5746007,0,0.5377
5930,삼성전자,0.751634,0.12955701,0.7526529,1.0,0.7839043,0.68363917,0.6612978,1,0.6975
5930,삼성전자,0.7254902,0.17060164,0.75342464,0.21052632,0.7343109,0.7260305,0.5214922,0,0.9245
5930,삼성전자,0.6844071,0.26567903,0.74146247,0.075,0.58147484,0.7089685,0.3642384,0,0.5832
5930,삼성전자,0.6844071,0.22057584,0.72872853,0.09756097,0.42799634,0.65187556,0.4160668,-1,0.6105
5930,삼성전자,0.6676004,0.17499794,0.71290755,0.06122449,0.27852678,0.5566415,0.36111668,-1,0.8653
5930,삼성전자,0.64892626,0.2659167,0.69168437,0.125,0.09600603,0.41266918,0.36111668,-1,0.9746
5930,삼성전자,0.63211954,0.20991877,0.6723905,0.024390243,0.057178948,0.27095014,0.32826424,-1,0.9594
5930,삼성전자,0.6377218,0.15152377,0.66274357,0.11111111,0.06471155,0.16279514,0.27375254,-1,0.815
5930,삼성전자,0.63585436,0.15550749,0.6527108,0.10714286,0.066710286,0.08718047,0.2451669,-1,0.6971
5930,삼성전자,0.589169,0.34329307,0.63650393,0.069767445,0.0684923,0.043221705,0.15820456,-1,0.9552
5930,삼성전자,0.5854342,0.26766735,0.6233841,0.11111111,0.06559515,0.03685692,0.17005606,-1,0.9067
5930,삼성전자,0.5966387,0.21616064,0.6160525,0.2682927,0.11647201,0.049266547,0.12631837,-1,0.6602
5930,삼성전자,0.6097106,0.19989343,0.6102643,0.4390244,0.18487313,0.074415535,0.17005606,0,0.7702
5930,삼성전자,0.611578,0.14934073,0.6052479,0.7037037,0.30931282,0.12519057,0.1802145,0,0.9313
5930,삼성전자,0.61904764,0.105286166,0.61142194,0.8518519,0.47245184,0.20973651,0.1802145,0,0.7829
5930,삼성전자,0.6134454,0.11241355,0.6172101,0.6818182,0.59149855,0.31980446,0.20322037,0,0.7268
5930,삼성전자,0.611578,0.12060187,0.62029713,0.5555556,0.65142024,0.43176544,0.26449186,0,0.7465
5930,삼성전자,0.6153128,0.09296649,0.6214548,0.6666667,0.6989053,0.5393488,0.28498098,0,0.7251
5930,삼성전자,0.611578,0.1110624,0.6214548,0.46666667,0.6494605,0.6105394,0.31427908,0,0.9079
5930,삼성전자,0.6283847,0.116583966,0.6233841,0.8,0.63864446,0.6453223,0.45665932,0,0.7869
5930,삼성전자,0.6097106,0.11400456,0.62261236,0.3,0.55899906,0.6385204,0.45021495,0,0.9231
5930,삼성전자,0.62091506,0.22861008,0.62454176,0.44444445,0.5358218,0.6143265,0.47545198,0,0.8868
5930,삼성전자,0.60410833,0.18842731,0.62222654,0.11111111,0.4199356,0.55594003,0.42868742,0,0.6059
5930,삼성전자,0.60597575,0.12738585,0.6210689,0.14814815,0.3534942,0.49399632,0.62283194,0,0.7761
5930,삼성전자,0.63585436,0.18617298,0.62261236,0.7407407,0.341133,0.43172923,0.7420946,0,0.9185
5930,삼성전자,0.6153128,0.14141256,0.62377,0.33333334,0.34808618,0.38758662,0.6108329,0,0.9152
5930,삼성전자,0.61904764,0.13087684,0.6233841,0.36,0.3304715,0.34460822,0.57810843,0,0.9279
5930,삼성전자,0.611578,0.1402755,0.62492764,0.13043478,0.3345023,0.32672763,0.54083884,0,0.8709
5930,삼성전자,0.61904764,0.12315858,0.6276288,0.33333334,0.37313104,0.33083746,0.54083884,0,0.9422
5930,삼성전자,0.6171802,0.12357503,0.62377,0.36842105,0.29546696,0.32127988,0.5555556,0,0.9087
5930,삼성전자,0.611578,0.10433405,0.62299824,0.22222222,0.2722897,0.3054162,0.54083884,0,0.8517
5930,삼성전자,0.60597575,0.1272241,0.62029713,0.15,0.22848472,0.2840711,0.5054098,0,0.6925
5930,삼성전자,0.61904764,0.11170277,0.62184066,0.71428573,0.3502732,0.2873718,0.56753427,0,0.9458
5930,삼성전자,0.63398695,0.13753998,0.62492764,0.7826087,0.44398987,0.30220208,0.56109595,0,0.765
5930,삼성전자,0.63211954,0.120913535,0.6280147,0.7083333,0.5148939,0.34812665,0.63146275,0,0.6689
5930,삼성전자,0.62091506,0.122113526,0.629944,0.45833334,0.56414557,0.40921006,0.54083884,0,0.827
5930,삼성전자,0.611578,0.11233957,0.63110167,0.14285715,0.56265557,0.4791497,0.57272506,0,0.934
5930,삼성전자,0.6302521,0.13237996,0.63341695,0.57894737,0.53442466,0.5176913,0.63295454,0,0.8793
5930,삼성전자,0.6993464,0.30459294,0.64692265,0.9411765,0.5675011,0.5435414,0.732156,1,0.8968
5930,삼성전자,0.7068161,0.24393897,0.6623577,0.88135594,0.6035928,0.5621054,0.836877,1,0.8882
5930,삼성전자,0.697479,0.17332485,0.67817867,0.7704918,0.66870755,0.58398956,0.786818,1,0.7548
5930,삼성전자,0.67693746,0.13907419,0.69168437,0.59016395,0.76201355,0.6257138,0.732156,1,0.5414
5930,삼성전자,0.6507937,0.14397953,0.695929,0.071428575,0.6561476,0.65118957,0.62568384,0,0.9484
5930,삼성전자,0.6507937,0.18473332,0.6858962,0.1875,0.49893436,0.63683903,0.63146275,0,0.8468
5930,삼성전자,0.63211954,0.33624324,0.6704611,0.14035088,0.3443643,0.58258426,0.59301627,-1,0.7767
5930,삼성전자,0.69000936,0.24311577,0.6689176,0.84782606,0.36049587,0.51807773,0.7141799,0,0.9028
5930,삼성전자,0.71615314,0.2619194,0.677021,1.0,0.44598567,0.45193526,0.732156,1,0.5786
5930,삼성전자,0.7124183,0.2029788,0.68975496,0.92727274,0.6245106,0.44531384,0.70154524,1,0.8474
5930,삼성전자,0.7254902,0.18150751,0.70519006,0.9354839,0.7805364,0.5042512,0.72479767,1,0.9664
5930,삼성전자,0.74603176,0.2129694,0.72872853,0.9508197,0.9495963,0.6309221,0.7796882,1,0.9936
5930,삼성전자,0.74603176,0.23872498,0.7403048,0.75,0.9291902,0.7499459,0.8057395,1,0.9659
5930,삼성전자,0.76097107,0.23923643,0.7495659,0.9111111,0.9106484,0.8471966,0.80172586,1,0.9451
5930,삼성전자,0.7366947,0.10137977,0.7545823,0.5405405,0.829978,0.8901995,0.62913907,0,0.8251
5930,삼성전자,0.7348273,0.16653068,0.7565117,0.4,0.71827865,0.8771694,0.6086284,0,0.9463
5930,삼성전자,0.7385621,0.12154938,0.75496817,0.33333334,0.58947396,0.8017983,0.64266896,0,0.9615
5930,삼성전자,0.7497666,0.106138244,0.7557399,0.6666667,0.57209104,0.7270599,0.7289406,0,0.9542
5930,삼성전자,0.7535014,0.1328384,0.7541964,0.6956522,0.52714735,0.64679575,0.8358606,0,0.9234
5930,삼성전자,0.75723624,0.14515595,0.75844103,0.7826087,0.5776416,0.5939835,0.8409786,0,0.7781
5930,삼성전자,0.7404295,0.12473538,0.7595987,0.39130434,0.5758277,0.5641695,0.84907204,0,0.9206
5930,삼성전자,0.75910366,0.15774445,0.76384336,0.8181818,0.67696476,0.5824807,0.78493315,1,0.5116
5930,삼성전자,0.78338003,0.18942106,0.77078915,1.0,0.7464965,0.61898255,0.7810976,1,0.8688
5930,삼성전자,0.7927171,0.1503496,0.7788925,0.96875,0.8034634,0.6768136,0.8181412,1,0.8984
5930,삼성전자,0.8039216,0.1338378,0.78853947,0.925,0.8331655,0.730293,0.8147702,1,0.8913
5930,삼성전자,0.79831934,0.11940897,0.80050164,0.8181818,0.9222101,0.80278844,0.74172187,1,0.8451
5930,삼성전자,0.80018675,0.2018281,0.80899096,0.75,0.9079877,0.8511399,0.74632764,1,0.7708
5930,삼성전자,0.77217555,0.21919647,0.8066757,0.13043478,0.7266006,0.84697586,0.5799719,0,0.9499
5930,삼성전자,0.7628385,0.15764923,0.80050164,0.074074075,0.5399755,0.79182965,0.64128035,0,0.8624
5930,삼성전자,0.7684407,0.14951482,0.79317,0.2,0.38874406,0.69881535,0.6668282,0,0.7909
5930,삼성전자,0.77030814,0.13761424,0.7873818,0.26086956,0.27249143,0.5628337,0.6612978,0,0.7722
5930,삼성전자,0.74603176,0.2820476,0.7761914,0.2631579,0.17093852,0.4085744,0.5277945,-1,0.6814
5930,삼성전자,0.7366947,0.14320122,0.76885974,0.14705883,0.17440622,0.29300395,0.4840744,0,0.6113
5930,삼성전자,0.7628385,0.16791494,0.76885974,0.5588235,0.2755226,0.23765576,0.5575559,0,0.971
5930,삼성전자,0.75723624,0.11015218,0.76654446,0.5714286,0.3530008,0.23017494,0.5940921,0,0.9667
5930,삼성전자,0.77404296,0.14640331,0.7673162,0.96153843,0.49915692,0.27761447,0.58866817,0,0.5797
5930,삼성전자,0.77404296,0.121813394,0.77310437,0.76666665,0.6041864,0.36829028,0.50626343,0,0.5884
5930,삼성전자,0.7553688,0.15380344,0.7769632,0.32,0.6402611,0.46579048,0.41039535,0,0.8988
5930,삼성전자,0.74416435,0.111805476,0.77310437,0.08,0.54038084,0.5212235,0.33212924,0,0.9542
5930,삼성전자,0.7478992,0.097281516,0.77117497,0.22222222,0.4675381,0.54519534,0.362716,0,0.9348
5930,삼성전자,0.7385621,0.106225155,0.76384336,0.13333334,0.29477853,0.50242037,0.3327026,0,0.5656
5930,삼성전자,0.7254902,0.11735953,0.7538105,0.0625,0.14789277,0.40692124,0.3679619,-1,0.7723
5930,삼성전자,0.72922504,0.10750281,0.74840826,0.27272728,0.13803191,0.30180815,0.41169977,0,0.5966
5930,삼성전자,0.7124183,0.17468227,0.74184835,0.29032257,0.18190418,0.22678146,0.34062323,0,0.6372
5930,삼성전자,0.70308125,0.15160795,0.7325873,0.12903225,0.16246521,0.1629318,0.3112583,0,0.5953
5930,삼성전자,0.6825397,0.19673853,0.721011,0.21621622,0.17975417,0.138858,0.31908488,0,0.5956
5930,삼성전자,0.6694678,0.14369704,0.7094347,0.055555556,0.1783056,0.1452232,0.3112583,0,0.5257
5930,삼성전자,0.63211954,0.2466584,0.6893691,0.0,0.12141601,0.1417456,0.122332595,-1,0.9387
5930,삼성전자,0.6694678,0.23661113,0.68049395,0.45652175,0.15608434,0.13634169,0.30211568,0,0.7073
5930,삼성전자,0.6694678,0.1964951,0.67354816,0.55263156,0.24444512,0.15349951,0.23178808,0,0.9006
5930,삼성전자,0.6825397,0.14096527,0.67354816,0.7567568,0.35719925,0.19063754,0.2874729,0,0.9233
5930,삼성전자,0.66386557,0.15769506,0.6723905,0.4864865,0.44708934,0.24689212,0.2874729,0,0.9268
5930,삼성전자,0.67320263,0.12996526,0.6808798,0.6216216,0.5767566,0.34219176,0.34256473,0,0.7834
5930,삼성전자,0.6956116,0.107402645,0.6862821,0.92,0.6734359,0.45046988,0.40691686,1,0.6265
5930,삼성전자,0.7086835,0.19650963,0.69438547,0.88235295,0.7422142,0.55464953,0.46556655,1,0.8214
5930,삼성전자,0.6993464,0.13515584,0.6978584,0.7352941,0.7377372,0.6342935,0.47387785,0,0.5329
5930,삼성전자,0.67693746,0.15495346,0.7005595,0.25,0.68840724,0.6847997,0.41721854,0,0.9344
5930,삼성전자,0.67693746,0.1032085,0.70133126,0.22222222,0.6050945,0.6907306,0.45071426,0,0.9469
5930,삼성전자,0.697479,0.119232,0.70171714,0.6296296,0.5445246,0.66375035,0.5272809,0,0.9554
5930,삼성전자,0.70121384,0.15065837,0.7001736,0.76,0.5190024,0.61703366,0.5894788,0,0.9304
5930,삼성전자,0.68814194,0.11208786,0.6978584,0.48,0.4657493,0.5601084,0.5894788,0,0.9615
5930,삼성전자,0.6862745,0.11615725,0.6997878,0.53333336,0.52485126,0.5258773,0.708966,0,0.9362
5930,삼성전자,0.6713352,0.12947585,0.69863015,0.26666668,0.53412217,0.5110233,0.547436,0,0.957
5930,삼성전자,0.66386557,0.11514123,0.69168437,0.13333334,0.43059716,0.48717904,0.5219174,0,0.8933
5930,삼성전자,0.63585436,0.17450947,0.67817867,0.057142857,0.28398454,0.43799144,0.39590162,-1,0.7185
5930,삼성전자,0.643324,0.14582041,0.6689176,0.2,0.2255779,0.38772523,0.47295213,-1,0.5256
5930,삼성전자,0.64705884,0.1969055,0.6608142,0.39285713,0.19627526,0.31895655,0.45155752,0,0.5994
5930,삼성전자,0.6395892,0.13821237,0.6542543,0.25,0.19279867,0.2475199,0.33085662,0,0.6029
5930,삼성전자,0.66199815,0.14653082,0.65386844,0.9047619,0.35371494,0.23142898,0.37591028,0,0.9102
5930,삼성전자,0.63585436,0.14849077,0.65386844,0.23809524,0.39146072,0.253923,0.33756438,0,0.9304
5930,삼성전자,0.6097106,0.20615575,0.64692265,0.0625,0.3627789,0.28263822,0.32999954,0,0.6886
5930,삼성전자,0.5985061,0.17527339,0.6368898,0.18181819,0.31875718,0.30827284,0.30905077,0,0.5712
5930,삼성전자,0.6302521,0.23430565,0.6349605,0.5681818,0.38512838,0.34852612,0.3530002,0,0.9
5930,삼성전자,0.60784316,0.17482364,0.62377,0.325,0.26419285,0.32978976,0.30169243,0,0.5753
5930,삼성전자,0.611578,0.10011489,0.6187536,0.6,0.33968443,0.31895334,0.3362127,0,0.934
5930,삼성전자,0.5985061,0.113597564,0.6164383,0.32,0.3933977,0.32536164,0.31789905,0,0.904
5930,삼성전자,0.6153128,0.112680554,0.61991125,0.5294118,0.465904,0.35615847,0.39970326,0,0.9279
5930,삼성전자,0.6302521,0.19540541,0.61991125,0.73913044,0.5015631,0.38052744,0.4588458,0,0.7074
5930,삼성전자,0.62091506,0.15956868,0.62261236,0.5217391,0.5426019,0.43879652,0.501256,0,0.827
5930,삼성전자,0.60597575,0.12367927,0.6214548,0.17391305,0.4537222,0.46266383,0.44518027,0,0.8962
5930,삼성전자,0.6134454,0.10411985,0.62454176,0.2857143,0.4465704,0.47379252,0.4561575,0,0.9232
5930,삼성전자,0.6171802,0.13728878,0.62492764,0.31578946,0.40200981,0.4604199,0.4834437,0,0.8948
5930,삼성전자,0.60410833,0.42016348,0.6195254,0.125,0.2739052,0.4127727,0.3861215,-1,0.8607
5930,삼성전자,0.60410833,0.1437998,0.6160525,0.125,0.19114733,0.33921567,0.44423318,-1,0.6062
5930,삼성전자,0.6022409,0.13973893,0.61528075,0.25,0.20701869,0.28758234,0.5147501,0,0.666
5930,삼성전자,0.611578,0.15155339,0.61489487,0.5,0.25171766,0.246801,0.58701885,0,0.9227
5930,삼성전자,0.60597575,0.14030255,0.6125796,0.53846157,0.29816598,0.2250672,0.43862832,0,0.9341
5930,삼성전자,0.6003735,0.13853279,0.6118078,0.30769232,0.33627468,0.2381207,0.5049669,0,0.9312
5930,삼성전자,0.59103644,0.17625423,0.6091067,0.06666667,0.32410663,0.26594818,0.446608,0,0.7855
5930,삼성전자,0.59477127,0.123002715,0.6075632,0.36842105,0.3488087,0.29562384,0.52232426,0,0.9314
5930,삼성전자,0.59290385,0.09376156,0.6037044,0.31578946,0.3103833,0.30790216,0.41329408,0,0.8709
5930,삼성전자,0.57983196,0.17182997,0.5983021,0.0,0.19806282,0.28695127,0.24844849,-1,0.807
5930,삼성전자,0.5704949,0.22903557,0.5921281,0.0,0.13387969,0.24459139,0.24844849,-1,0.9199
5930,삼성전자,0.56676006,0.17111997,0.5871117,0.05263158,0.13095205,0.20416546,0.28439248,-1,0.8288
5930,삼성전자,0.5686275,0.13580173,0.58170944,0.22727273,0.10150918,0.15240738,0.22777443,-1,0.7269
5930,삼성전자,0.55182076,0.15419088,0.57322013,0.0,0.035637032,0.094904885,0.14695062,-1,0.9341
5930,삼성전자,0.5835668,0.19244109,0.5739919,0.85,0.21294291,0.09801919,0.43733943,0,0.9169
5930,삼성전자,0.5611578,0.18170954,0.5720625,0.25,0.2650917,0.12548095,0.36000484,0,0.8276
5930,삼성전자,0.5443511,0.14590824,0.567432,0.04,0.2624568,0.15300399,0.32117844,0,0.6366
5930,삼성전자,0.5462185,0.112054385,0.5628015,0.20689656,0.25820643,0.18579964,0.27995184,0,0.7011
5930,삼성전자,0.557423,0.14350551,0.5639591,0.41379312,0.34452167,0.25044706,0.35430464,0,0.8973
5930,삼성전자,0.5592904,0.18485217,0.5589427,0.5,0.27151337,0.26270548,0.37895513,0,0.8134
5930,삼성전자,0.56489265,0.14226544,0.55971444,0.72727275,0.37107015,0.28488603,0.43511096,0,0.9054
5930,삼성전자,0.55182076,0.13057221,0.56125796,0.4090909,0.44806072,0.32373163,0.377865,0,0.9163
5930,삼성전자,0.53874886,0.12199026,0.55971444,0.0,0.4049031,0.35443422,0.3495217,0,0.7398
5930,삼성전자,0.53501403,0.14336698,0.55508393,0.0,0.31858787,0.34900647,0.37285307,-1,0.5211
5930,삼성전자,0.5144725,0.2006738,0.54582286,0.029411765,0.22042544,0.33831412,0.3451736,-1,0.8908
5930,삼성전자,0.51073766,0.1870916,0.53463244,0.10714286,0.09106936,0.27971187,0.3451736,-1,0.9506
5930,삼성전자,0.5592904,0.2900177,0.53617597,0.9354839,0.20087238,0.22797708,0.5154428,0,0.8388
5930,삼성전자,0.557423,0.15620397,0.5400347,0.9032258,0.38928092,0.22470745,0.55723745,0,0.6426
5930,삼성전자,0.5611578,0.15689819,0.545437,0.7692308,0.5497387,0.27308574,0.464312,1,0.693
5930,삼성전자,0.5686275,0.12740266,0.55662745,0.8717949,0.72545576,0.37878507,0.5688365,1,0.9374
5930,삼성전자,0.5424837,0.15897202,0.56318736,0.44117647,0.79513353,0.52614087,0.53424174,1,0.683
5930,삼성전자,0.53501403,0.131317,0.5581709,0.0,0.59999615,0.6096747,0.5025754,0,0.8693
5930,삼성전자,0.5275444,0.19085743,0.5519969,0.12903225,0.43850312,0.6199766,0.43648404,-1,0.6216
5930,삼성전자,0.5275444,0.1365457,0.54505116,0.15625,0.3106383,0.5699345,0.42868742,-1,0.7837
5930,삼성전자,0.5126051,0.18176152,0.5334748,0.0,0.12878612,0.44505566,0.36615798,-1,0.9777
5930,삼성전자,0.5424837,0.16113555,0.5334748,0.8,0.20363496,0.3212591,0.5124254,0,0.8192
5930,삼성전자,0.53874886,0.1321898,0.53424656,0.56,0.32044825,0.26275167,0.54083884,0,0.9166
5930,삼성전자,0.56302524,0.17363648,0.54157823,0.9,0.48126838,0.27170214,0.6212993,1,0.693
5930,삼성전자,0.5723623,0.18256027,0.5508393,0.84210527,0.62433445,0.33735657,0.71700215,1,0.9312
5930,삼성전자,0.5611578,0.18906489,0.5608721,0.6571429,0.76141125,0.46976066,0.6884264,1,0.9199
5930,삼성전자,0.5704949,0.13409571,0.5666602,0.7307692,0.74697006,0.58347696,0.5818354,1,0.7499
5930,삼성전자,0.5686275,0.15152992,0.57283425,0.6086956,0.75712776,0.6748709,0.5818354,1,0.5437
5930,삼성전자,0.5424837,0.17144537,0.5685896,0.0,0.5693921,0.6933146,0.48105225,0,0.6694
5930,삼성전자,0.5406163,0.16776803,0.5620297,0.1724138,0.42969772,0.6525785,0.44826603,-1,0.6018
5930,삼성전자,0.5312792,0.17685269,0.5558557,0.121212125,0.31790516,0.55975574,0.49984232,-1,0.7884
5930,삼성전자,0.5424837,0.12629873,0.55006754,0.3030303,0.22868091,0.4512814,0.56753427,-1,0.5552
5930,삼성전자,0.56489265,0.15785724,0.5492958,0.95652175,0.30123574,0.35586634,0.6629562,0,0.9038
5930,삼성전자,0.5592904,0.2698044,0.55276865,0.82608694,0.47355348,0.33580798,0.6414283,1,0.5197
5930,삼성전자,0.5462185,0.16565248,0.5539263,0.5217391,0.54642105,0.36023736,0.6484547,0,0.6453
5930,삼성전자,0.5480859,0.0910556,0.5573992,0.375,0.59936,0.41914392,0.5620963,0,0.7645
5930,삼성전자,0.52380955,0.21433479,0.5535404,0.041666668,0.54484075,0.48531398,0.49093002,0,0.8125
5930,삼성전자,0.5200747,0.13823174,0.5442794,0.0,0.34531498,0.49453947,0.377865,-1,0.7337
5930,삼성전자,0.5182073,0.28559205,0.5357901,0.25,0.22514604,0.4425495,0.32467532,-1,0.9279
5930,삼성전자,0.4920635,0.24575897,0.5245997,0.0,0.116313785,0.35253105,0.29100117,-1,0.9868
5930,삼성전자,0.46031746,0.24536324,0.5064634,0.0,0.038090605,0.23506123,0.19173437,-1,0.9954
5930,삼성전자,0.45658264,0.2724777,0.49257186,0.17391305,0.065676555,0.13477547,0.18944001,-1,0.978
5930,삼성전자,0.43417367,0.29689246,0.47482154,0.1,0.08653607,0.080614835,0.19407652,-1,0.9755
5930,삼성전자,0.4379085,0.25906196,0.45822883,0.16666667,0.069153145,0.0479666,0.21540247,-1,0.9373
5930,삼성전자,0.41736695,0.3217216,0.44279376,0.11764706,0.09369375,0.04323238,0.20092587,-1,0.9592
5930,삼성전자,0.3968254,0.37772948,0.42967394,0.14634146,0.12421987,0.061258644,0.12631837,-1,0.9772
5930,삼성전자,0.39309058,0.27847606,0.41655412,0.10810811,0.11049328,0.07063847,0.002027301,-1,0.9773
5930,삼성전자,0.37628385,0.25839525,0.40459195,0.0,0.08963376,0.0712868,0.0,-1,0.9882
5930,삼성전자,0.37254903,0.31380588,0.39108625,0.19354838,0.09524116,0.07674684,0.0016723527,-1,0.9832
5930,삼성전자,0.39122316,0.25752506,0.38568395,0.516129,0.17836256,0.09446744,0.09443218,-1,0.7276
5930,삼성전자,0.39869282,0.20067549,0.38606983,0.6451613,0.28241396,0.12757637,0.15240708,0,0.7209
5930,삼성전자,0.4098973,0.14994033,0.38954273,0.83870965,0.43481392,0.19545443,0.21207055,0,0.5692
5930,삼성전자,0.3837535,0.1625264,0.39108625,0.38709676,0.5155604,0.28459793,0.18459314,0,0.7616
5930,삼성전자,0.36507937,0.20945568,0.38954273,0.0,0.47518715,0.364118,0.19236834,-1,0.6383
5930,삼성전자,0.35014006,0.27663773,0.38105345,0.075,0.38316977,0.40698275,0.21207055,-1,0.928
5930,삼성전자,0.3669468,0.19718614,0.37449354,0.36842105,0.32544312,0.41598845,0.2903873,-1,0.7837
5930,삼성전자,0.3688142,0.15742598,0.36600426,0.48387095,0.25142547,0.3776065,0.33792672,-1,0.7404
5930,삼성전자,0.3538749,0.18626036,0.3598302,0.28,0.22908561,0.31764933,0.29485968,-1,0.8806
5930,삼성전자,0.38748834,0.23611711,0.36446074,0.8333333,0.4029149,0.30252326,0.4588458,0,0.5315
5930,삼성전자,0.3968254,0.16985849,0.37410766,0.8333333,0.5610995,0.33976272,0.54083884,1,0.8384
5930,삼성전자,0.39869282,0.1444267,0.38066757,0.75757575,0.64227533,0.4060735,0.55723745,1,0.8742
5930,삼성전자,0.38562092,0.103382304,0.38414046,0.54545456,0.6551214,0.49056426,0.56870055,1,0.5876
5930,삼성전자,0.3837535,0.12005065,0.3903145,0.5151515,0.70417285,0.58999676,0.5746007,1,0.5204
5930,삼성전자,0.37441644,0.16684365,0.38761336,0.045454547,0.53982514,0.6186511,0.48758563,0,0.5058
5930,삼성전자,0.42110178,0.20691368,0.39262974,1.0,0.574591,0.6214748,0.5992068,1,0.6613
5930,삼성전자,0.45658264,0.23068762,0.40459195,0.9782609,0.62062484,0.6169435,0.65037155,1,0.9245
5930,삼성전자,0.4379085,0.1688507,0.41539648,0.76086956,0.66555935,0.6191281,0.6718986,1,0.7907
5930,삼성전자,0.43043885,0.1858371,0.4250434,0.65957445,0.6956853,0.6173517,0.70685786,1,0.7492
5930,삼성전자,0.45471522,0.13610779,0.44163612,0.925,0.8791542,0.68837094,0.79592836,1,0.9798
5930,삼성전자,0.44537815,0.113628,0.44665253,0.55,0.7852864,0.732468,0.7384287,1,0.6886
5930,삼성전자,0.44164333,0.10180567,0.4435655,0.45,0.67509377,0.743868,0.72282344,0,0.7435
5930,삼성전자,0.4528478,0.073053814,0.44665253,0.7058824,0.6636237,0.74346286,0.79223907,0,0.6289
5930,삼성전자,0.45471522,0.08106862,0.45166892,0.73333335,0.67900944,0.7399727,0.73951435,0,0.6194
5930,삼성전자,0.45658264,0.118987456,0.4520548,0.6111111,0.61353374,0.6843802,0.72450334,0,0.7254
5930,삼성전자,0.44724557,0.16713275,0.45244068,0.33333334,0.5683381,0.6389744,0.6843267,0,0.8172
5930,삼성전자,0.44537815,0.14566906,0.45321244,0.4347826,0.56516385,0.61596686,0.7282516,0,0.8274
5930,삼성전자,0.4528478,0.15076372,0.45321244,0.6086956,0.5448912,0.5911169,0.7510983,0,0.771
5930,삼성전자,0.44537815,0.11133082,0.45128304,0.4347826,0.48261493,0.55001295,0.7589404,0,0.8769
5930,삼성전자,0.44911298,0.10105,0.44973955,0.5217391,0.46397236,0.51871073,0.65264755,0,0.8813
5930,삼성전자,0.44911298,0.10594646,0.4501254,0.75,0.550887,0.51505834,0.501256,0,0.7947
5930,삼성전자,0.4360411,0.12527548,0.44819602,0.15384616,0.49228504,0.49980533,0.5304034,0,0.793
5930,삼성전자,0.42110178,0.20210323,0.44163612,0.17391305,0.40159148,0.4698137,0.4921989,-1,0.581
5930,삼성전자,0.40429506,0.20025595,0.43314683,0.15151516,0.34250328,0.4404893,0.2590809,-1,0.89
5930,삼성전자,0.41923437,0.16767336,0.4269728,0.3939394,0.31584486,0.40948725,0.40229884,-1,0.5819
5930,삼성전자,0.4248366,0.119445406,0.4219564,0.5714286,0.27859575,0.35249856,0.45328695,0,0.6773
5930,삼성전자,0.4397759,0.16650829,0.42272815,0.8,0.4133803,0.33598435,0.4749756,0,0.7226
5930,삼성전자,0.42857143,0.10034217,0.42427164,0.6,0.50225997,0.35705355,0.41909158,0,0.7632
5930,삼성전자,0.44911298,0.1813027,0.4335327,0.84615386,0.6471582,0.42081574,0.5106309,1,0.8655
5930,삼성전자,0.4379085,0.07666894,0.43739146,0.6,0.69014144,0.49915344,0.5035693,1,0.5923
5930,삼성전자,0.42110178,0.091465116,0.43661973,0.0952381,0.5908104,0.5644978,0.45305803,0,0.8318
5930,삼성전자,0.40429506,0.10012193,0.42928806,0.03448276,0.43112725,0.56821215,0.37503067,-1,0.7441
5930,삼성전자,0.40242764,0.09842611,0.4238858,0.0,0.30597016,0.52713,0.38910457,-1,0.9137
5930,삼성전자,0.41549954,0.06387051,0.41694,0.26923078,0.18562682,0.4305347,0.428544,-1,0.8428
5930,삼성전자,0.42110178,0.10519762,0.4134671,0.5263158,0.17025664,0.32172638,0.45021495,-1,0.5914
5930,삼성전자,0.394958,0.10897736,0.4080648,0.0,0.15039045,0.22954953,0.4170454,-1,0.8766
5930,삼성전자,0.39869282,0.107302114,0.4069072,0.1923077,0.18331195,0.1776835,0.46909493,-1,0.5857
5930,삼성전자,0.41549954,0.15728173,0.40960833,0.5555556,0.29919815,0.17626616,0.5767108,0,0.8352
5930,삼성전자,0.39122316,0.16505823,0.40459195,0.074074075,0.2584894,0.1915158,0.45559853,-1,0.5722
5930,삼성전자,0.37441644,0.16654797,0.39494503,0.0,0.14870249,0.18700467,0.39600998,-1,0.9173
5930,삼성전자,0.3669468,0.12652487,0.38915685,0.09677419,0.16888912,0.1908763,0.32351744,-1,0.8877
5930,삼성전자,0.3669468,0.08308497,0.38259694,0.09677419,0.14896129,0.18368696,0.34557703,-1,0.8565
5930,삼성전자,0.34640524,0.19251013,0.3683195,0.033333335,0.04002827,0.1294445,0.21540247,-1,0.9876
5930,삼성전자,0.33893558,0.19932209,0.35751495,0.0,0.02457678,0.08048819,0.22063437,-1,0.9864
5930,삼성전자,0.38562092,0.1900931,0.3598302,0.86206895,0.20440018,0.09214533,0.44259492,0,0.7731
5930,삼성전자,0.36134455,0.1386944,0.3586726,0.41379312,0.2705288,0.11341781,0.42604858,0,0.7691
5930,삼성전자,0.34640524,0.12916967,0.35442793,0.13793103,0.27911392,0.14065786,0.39970326,0,0.5668
5930,삼성전자,0.35014006,0.14900978,0.3551997,0.23333333,0.32083294,0.19942833,0.369144,0,0.6068
5930,삼성전자,0.3538749,0.13596693,0.3582867,0.3,0.3834115,0.27452996,0.362716,0,0.7029
5930,삼성전자,0.3426704,0.15548731,0.34941155,0.1764706,0.24039899,0.28206426,0.39203662,-1,0.8001
5930,삼성전자,0.33333334,0.13137196,0.34362337,0.14285715,0.18388306,0.2639299,0.35986316,-1,0.9006
5930,삼성전자,0.31652662,0.14159064,0.33744934,0.037037037,0.16283706,0.23959397,0.26678997,-1,0.9648
5930,삼성전자,0.31839404,0.11689083,0.33088943,0.10714286,0.13651434,0.20101735,0.31473678,-1,0.9355
5930,삼성전자,0.30718955,0.16619515,0.3212425,0.0882353,0.09234125,0.14009836,0.32560706,-1,0.9613
5930,삼성전자,0.3127918,0.18416558,0.31506848,0.35,0.12853864,0.11668677,0.36563262,-1,0.8311
5930,삼성전자,0.28851542,0.22137056,0.30580744,0.16666667,0.1335052,0.10614303,0.3176355,-1,0.9428
5930,삼성전자,0.28291318,0.15372238,0.29886165,0.041666668,0.13447091,0.10020619,0.34569538,-1,0.927
5930,삼성전자,0.29225025,0.24918836,0.2934594,0.5,0.21641901,0.11692969,0.39877167,-1,0.6102
5930,삼성전자,0.33146593,0.21203904,0.29847577,0.9444444,0.39502007,0.18027827,0.3692451,1,0.7088
5930,삼성전자,0.34640524,0.24869806,0.30542156,0.7777778,0.48425245,0.2547267,0.49093002,1,0.9034
5930,삼성전자,0.35200748,0.16548643,0.31854138,0.8181818,0.62015533,0.35657924,0.56063026,1,0.951
5930,삼성전자,0.35014006,0.1869951,0.33243296,0.8,0.77834,0.49133658,0.54083884,1,0.9748
5930,삼성전자,0.33520076,0.23739104,0.34130812,0.42424244,0.76253736,0.6056354,0.47845283,1,0.7588
5930,삼성전자,0.3426704,0.20384996,0.34362337,0.54545456,0.67930996,0.66513526,0.54083884,0,0.4921
5930,삼성전자,0.33146593,0.15264297,0.34053636,0.36363637,0.5929221,0.6878791,0.5345317,0,0.6759
5930,삼성전자,0.35200748,0.14311674,0.34053636,0.76666665,0.58217627,0.6799303,0.65809774,0,0.6396
5930,삼성전자,0.35760972,0.15106252,0.34207988,0.8666667,0.5960826,0.64178514,0.66771233,1,0.5369
5930,삼성전자,0.3557423,0.16411614,0.34632453,0.68421054,0.6503107,0.61829686,0.70664704,1,0.6756
5930,삼성전자,0.3426704,0.14019696,0.34632453,0.31578946,0.6024037,0.6022009,0.6385327,0,0.7175
5930,삼성전자,0.33706817,0.18944056,0.34748214,0.2,0.56826997,0.59704137,0.7184905,0,0.6963
5930,삼성전자,0.34453782,0.126858,0.34593865,0.4,0.49178505,0.57812315,0.76366705,0,0.7798
5930,삼성전자,0.37441644,0.18763393,0.34941155,1.0,0.51959777,0.5621154,0.80389994,1,0.6798
5930,삼성전자,0.37815127,0.19274072,0.35404205,0.74285716,0.53183115,0.5373184,0.72718674,1,0.6123
5930,삼성전자,0.4098973,0.23060401,0.36793363,0.95555556,0.66528326,0.5504787,0.7677499,1,0.9734
5930,삼성전자,0.4117647,0.24092163,0.3833687,0.88,0.80712795,0.60047,0.75948703,1,0.9902
5930,삼성전자,0.3706816,0.23171103,0.38877097,0.1764706,0.7605008,0.6567103,0.6009671,1,0.5164
5930,삼성전자,0.4098973,0.21038997,0.39610264,0.7741935,0.71339864,0.6972715,0.73539865,1,0.831
5930,삼성전자,0.42110178,0.1904814,0.4049778,0.9032258,0.7468508,0.7422737,0.74172187,1,0.8745
5930,삼성전자,0.41363212,0.14620173,0.40574956,0.7741935,0.70901954,0.75142735,0.7548546,1,0.6479
5930,삼성전자,0.40616247,0.1936984,0.40459195,0.6451613,0.66003335,0.7206415,0.6907901,0,0.5503
5930,삼성전자,0.4098973,0.13781826,0.41269535,0.6086956,0.75019336,0.7184842,0.6869356,1,0.6206
5930,삼성전자,0.4248366,0.13772309,0.41578236,0.95454544,0.7878139,0.7340588,0.7223449,1,0.883
5930,삼성전자,0.45471522,0.20235491,0.42272815,0.9736842,0.8025112,0.74570817,0.8141491,1,0.9751
5930,삼성전자,0.45845005,0.15553302,0.4319892,0.9512195,0.83943796,0.7730038,0.8392936,1,0.9721
5930,삼성전자,0.42857143,0.23351263,0.43661973,0.5263158,0.8146474,0.8053635,0.729363,1,0.736
5930,삼성전자,0.47525677,0.22188032,0.4501254,0.92105263,0.87980354,0.83248997,0.75312227,1,0.9752
5930,삼성전자,0.45658264,0.17688066,0.4566853,0.53571427,0.7924374,0.83345765,0.69737107,1,0.5994
5930,삼성전자,0.4659197,0.13632496,0.4590006,0.71428573,0.7383281,0.82002455,0.6620962,0,0.5049
5930,삼성전자,0.47152194,0.14294991,0.46170172,0.8214286,0.71125436,0.7931966,0.6683836,1,0.5218
5930,삼성전자,0.44724557,0.14725788,0.4655605,0.05263158,0.6124461,0.75087726,0.71515006,0,0.7753
5930,삼성전자,0.45471522,0.13550018,0.46131584,0.3125,0.48550498,0.6683533,0.6575747,0,0.7442
5930,삼성전자,0.44724557,0.103847794,0.45938647,0.31578946,0.43962973,0.5945131,0.61010885,0,0.7118
5930,삼성전자,0.43230626,0.10421534,0.45244068,0.125,0.31670758,0.5062709,0.58866817,-1,0.6965
5930,삼성전자,0.4397759,0.09705925,0.44588077,0.33333334,0.2148933,0.40238592,0.62693155,-1,0.5839
5930,삼성전자,0.44724557,0.08997181,0.44588077,0.52380955,0.31317872,0.33975133,0.63492924,0,0.8759
5930,삼성전자,0.4397759,0.07394769,0.44279376,0.46666667,0.34533715,0.31041518,0.57975084,0,0.8919
5930,삼성전자,0.4229692,0.095110126,0.43777734,0.15789473,0.31240106,0.2837871,0.45293638,0,0.6226
5930,삼성전자,0.43230626,0.07767088,0.43777734,0.42105263,0.3741562,0.2958107,0.47035357,0,0.8798
5930,삼성전자,0.46218488,0.21890976,0.44240788,1.0,0.51321965,0.35824835,0.63146275,1,0.7855
5930,삼성전자,0.46965453,0.1841673,0.44703838,0.8235294,0.57573974,0.41320056,0.52232426,1,0.7592
5930,삼성전자,0.42857143,0.16976894,0.44472313,0.1764706,0.5152063,0.448753,0.4588458,0,0.7851
5930,삼성전자,0.42670402,0.15245676,0.4454949,0.14705883,0.51294595,0.49072564,0.4215024,0,0.7211
5930,삼성전자,0.40616247,0.15379125,0.44009262,0.0,0.42511642,0.50139123,0.35654253,-1,0.7845
5930,삼성전자,0.40056023,0.13399595,0.4273587,0.08510638,0.23427404,0.44300988,0.39590162,-1,0.9425
5930,삼성전자,0.40616247,0.14380871,0.41423887,0.175,0.09899395,0.34323028,0.38856602,-1,0.9614
5930,삼성전자,0.42857143,0.11659925,0.41423887,0.7307692,0.21461795,0.2803192,0.4866925,0,0.7696
5930,삼성전자,0.4117647,0.10006483,0.41115186,0.47619048,0.28327322,0.2322503,0.4818345,0,0.8138
5930,삼성전자,0.41549954,0.10011356,0.41308123,0.5714286,0.40247044,0.22751066,0.4697782,0,0.8257
5930,삼성전자,0.43043885,0.09088509,0.41925526,0.95,0.58288306,0.3004721,0.49344838,1,0.7826
5930,삼성전자,0.40802988,0.096516535,0.41964114,0.0,0.5463789,0.3941067,0.4574442,0,0.8395
5930,삼성전자,0.4117647,0.14432673,0.41616824,0.5217391,0.50277627,0.45441625,0.5095324,0,0.8151
5930,삼성전자,0.4117647,0.085223265,0.41616824,0.5217391,0.5122775,0.50234526,0.4807106,0,0.8636
5930,삼성전자,0.394958,0.10281424,0.4119236,0.13043478,0.42028832,0.5060744,0.32999954,-1,0.6395
5930,삼성전자,0.3837535,0.114687294,0.40227666,0.0,0.22212292,0.4305698,0.2768212,-1,0.9645
5930,삼성전자,0.40429506,0.11871425,0.40150493,0.57894737,0.34288853,0.38798067,0.45700324,0,0.7557
5930,삼성전자,0.38562092,0.108845346,0.39610264,0.18181819,0.27198267,0.33967716,0.4119926,-1,0.6915
5930,삼성전자,0.3818861,0.07481671,0.3899286,0.14285715,0.19294973,0.27284408,0.45700324,-1,0.739
5930,삼성전자,0.38562092,0.11812068,0.38799924,0.2857143,0.22534028,0.23204279,0.48866144,0,0.5083
5930,삼성전자,0.35760972,0.16239654,0.38259694,0.074074075,0.24079177,0.23595005,0.3916115,-1,0.8348
5930,삼성전자,0.33333334,0.12508485,0.36793363,0.0,0.12002616,0.1893065,0.2510218,-1,0.9765
5930,삼성전자,0.33706817,0.111082636,0.35790083,0.09375,0.101655565,0.15365821,0.2966042,-1,0.9471
5930,삼성전자,0.33520076,0.15001222,0.3482539,0.23076923,0.1199936,0.138389,0.27546346,-1,0.9128
5930,삼성전자,0.38001868,0.2235514,0.34709626,0.94285715,0.25707042,0.1450299,0.3986674,0,0.6528
5930,삼성전자,0.38748834,0.17366283,0.3532703,0.8604651,0.42110777,0.18276879,0.4783293,1,0.7567
5930,삼성전자,0.40242764,0.19195795,0.36754775,0.9183673,0.6126747,0.28587672,0.5140187,1,0.9687
5930,삼성전자,0.43417367,0.2064101,0.38761336,1.0,0.80171406,0.43239415,0.59638256,1,0.9974
5930,삼성전자,0.42857143,0.16454907,0.4069072,0.8727273,0.9356234,0.6030998,0.6283908,1,0.9951
5930,삼성전자,0.43043885,0.13632236,0.41732588,0.8055556,0.90698296,0.73912203,0.66781926,1,0.9693
5930,삼성전자,0.43043885,0.17831074,0.42620105,0.7878788,0.8918418,0.83764344,0.6196165,1,0.9033
5930,삼성전자,0.4360411,0.13853236,0.43314683,0.75,0.8567212,0.8887207,0.7039619,1,0.7817
5930,삼성전자,0.44164333,0.11117703,0.43469033,0.7058824,0.7953697,0.8873928,0.732156,1,0.6063
5930,삼성전자,0.4397759,0.10886803,0.4370056,0.64705884,0.7482964,0.84818655,0.7160451,0,0.5664
5930,삼성전자,0.42857143,0.12827519,0.43661973,0.29411766,0.6416129,0.79264647,0.7944453,0,0.8276
5930,삼성전자,0.44911298,0.14183404,0.44047847,0.9411765,0.67359006,0.74696785,0.9644697,1,0.71
5930,삼성전자,0.45471522,0.10681802,0.44433725,0.7916667,0.6822815,0.7104588,0.96623814,1,0.7156
5930,삼성전자,0.48459384,0.18628526,0.45321244,0.92105263,0.727165,0.69618404,1.0,1,0.9602
5930,삼성전자,0.4939309,0.1470362,0.46440285,1.0,0.8007868,0.70716995,0.9730739,1,0.98
5930,삼성전자,0.50700283,0.20773974,0.4806097,0.9130435,0.9298917,0.7675047,0.97813517,1,0.9953
5930,삼성전자,0.48272642,0.23248945,0.48755547,0.5641026,0.8512359,0.80468476,0.8181412,1,0.8641
5930,삼성전자,0.4397759,0.32939863,0.48446846,0.0,0.6860981,0.8054836,0.55896366,-1,0.609
5930,삼성전자,0.45471522,0.20563525,0.47829443,0.2,0.53569,0.7654092,0.62119204,-1,0.5325
5930,삼성전자,0.48646125,0.25785592,0.4767509,0.625,0.45746684,0.6935547,0.68927455,0,0.74
5930,삼성전자,0.4920635,0.16825646,0.4736639,0.71794873,0.41677102,0.5861621,0.70000184,0,0.8526
5930,삼성전자,0.4509804,0.1719634,0.467104,0.2,0.340821,0.47933576,0.5741114,-1,0.5851
5930,삼성전자,0.45658264,0.16046564,0.47057688,0.3,0.40339956,0.42016888,0.5741114,0,0.7737
5930,삼성전자,0.4789916,0.1355735,0.4755933,0.625,0.4920525,0.41103587,0.62173134,0,0.7511
5930,삼성전자,0.47712418,0.1347069,0.4736639,0.5833333,0.483361,0.41645533,0.64446896,0,0.7765
5930,삼성전자,0.47338936,0.103897385,0.46980512,0.7058824,0.48084402,0.42986536,0.59610826,0,0.8117
5930,삼성전자,0.47525677,0.118822016,0.47482154,0.7647059,0.59863895,0.48382488,0.5883085,0,0.5523
5930,삼성전자,0.480859,0.101063564,0.47983792,0.5625,0.6533952,0.53614724,0.531273,0,0.5852
5930,삼성전자,0.46218488,0.14625913,0.47636503,0.10526316,0.5449806,0.5472247,0.46278146,0,0.7923
5930,삼성전자,0.49019608,0.15280052,0.47906616,0.8947368,0.60993785,0.57371634,0.50200003,0,0.5299
5930,삼성전자,0.46965453,0.11949642,0.47829443,0.31578946,0.52856636,0.58370435,0.5101697,0,0.85
5930,삼성전자,0.47152194,0.14293677,0.47752267,0.42857143,0.45845035,0.55436385,0.6303542,0,0.8436
5930,삼성전자,0.46031746,0.08487842,0.47327802,0.14285715,0.37091488,0.49524266,0.55693096,0,0.5963
5930,삼성전자,0.44164333,0.13242824,0.4690334,0.037037037,0.35668325,0.45583332,0.4030905,-1,0.7393
5930,삼성전자,0.45845005,0.14447626,0.46247348,0.4347826,0.26073903,0.38274843,0.4433754,-1,0.5221
5930,삼성전자,0.44537815,0.1141466,0.45745707,0.15,0.22615615,0.31945604,0.5219174,-1,0.6328
5930,삼성전자,0.43043885,0.12353194,0.44896778,0.115384616,0.16082689,0.25716552,0.4571376,-1,0.8272
5930,삼성전자,0.43230626,0.15188175,0.44317964,0.16666667,0.16579345,0.21423501,0.3720296,-1,0.7908
5930,삼성전자,0.4360411,0.14501424,0.442022,0.25,0.21021648,0.18358053,0.39401406,-1,0.5123
5930,삼성전자,0.43043885,0.118612096,0.43623385,0.125,0.14559734,0.15948217,0.38910457,-1,0.7128
5930,삼성전자,0.44911298,0.15093765,0.4370056,0.8125,0.28379163,0.17154488,0.4571376,0,0.8535
5930,삼성전자,0.43417367,0.12704867,0.43777734,0.15384616,0.2918145,0.19895968,0.39877167,0,0.6928
5930,삼성전자,0.42670402,0.15682048,0.43661973,0.21052632,0.30096343,0.22724983,0.42604858,0,0.6385
5930,삼성전자,0.4229692,0.1587322,0.43391857,0.11764706,0.27335525,0.24046433,0.28886017,-1,0.6519
5930,삼성전자,0.4117647,0.13180129,0.43005982,0.16,0.28065607,0.26873118,0.30976748,-1,0.6635
5930,삼성전자,0.42110178,0.14151551,0.42427164,0.39130434,0.1927967,0.24968658,0.3495217,-1,0.6581
5930,삼성전자,0.40242764,0.1345129,0.41771176,0.0,0.16070513,0.2222463,0.3315154,-1,0.9018
5930,삼성전자,0.41736695,0.116073444,0.41578236,0.44444445,0.20949933,0.2031035,0.45094284,0,0.649
5930,삼성전자,0.41923437,0.11751067,0.4150106,0.6923077,0.32937074,0.21482715,0.38013244,0,0.8644
5930,삼성전자,0.44537815,0.15602598,0.4219564,1.0,0.5045907,0.26169512,0.54083884,1,0.8119
5930,삼성전자,0.4248366,0.10650444,0.42272815,0.5217391,0.5317987,0.3326459,0.5205817,0,0.6273
5930,삼성전자,0.42670402,0.09211456,0.42774454,0.54545456,0.6455779,0.4341264,0.5205817,1,0.549
5930,삼성전자,0.44164333,0.099423885,0.43276095,0.90909094,0.7425009,0.54568,0.55976033,1,0.8698
5930,삼성전자,0.4640523,0.17032121,0.442022,1.0,0.806684,0.6455783,0.64415014,1,0.9667
5930,삼성전자,0.47712418,0.202407,0.4485819,0.90625,0.7871282,0.7047115,0.6295942,1,0.948
5930,삼성전자,0.46031746,0.12224337,0.45591357,0.625,0.80866796,0.7626583,0.62283194,1,0.7221
5930,삼성전자,0.47525677,0.12860824,0.46594638,0.85714287,0.87368464,0.8103995,0.6871402,1,0.9082
5930,삼성전자,0.47152194,0.124199785,0.4721204,0.7777778,0.84629333,0.8321225,0.6871402,1,0.7674
5930,삼성전자,0.480859,0.17368001,0.4755933,0.7058824,0.78494185,0.827572,0.7510983,1,0.7108
5930,삼성전자,0.49579832,0.15607436,0.47945204,1.0,0.8044976,0.83120733,0.7615894,1,0.8782
5930,삼성전자,0.4789916,0.13258377,0.48331082,0.5263158,0.7839126,0.8260262,0.76930493,1,0.5126
5930,삼성전자,0.48832867,0.12314234,0.48601195,0.7777778,0.7673574,0.8037726,0.7589404,1,0.6309
5930,삼성전자,0.4939309,0.10161153,0.4906425,0.9166667,0.79632896,0.7933154,0.76591784,1,0.7631
5930,삼성전자,0.4640523,0.16602127,0.4871696,0.0,0.64908534,0.7648816,0.5960265,0,0.7363
5930,삼성전자,0.5144725,0.30425516,0.49102837,0.9310345,0.63469946,0.729344,0.7704194,1,0.768
5930,삼성전자,0.5275444,0.20792781,0.50106114,0.85,0.7022184,0.712246,0.786818,1,0.8575
5930,삼성전자,0.5312792,0.18075378,0.50993633,0.9,0.72771335,0.70394874,0.7704194,1,0.8671
5930,삼성전자,0.5331466,0.16633761,0.51803976,0.925,0.72945166,0.68995184,0.7356664,1,0.831
5930,삼성전자,0.53501403,0.16710952,0.53270304,0.92,0.9213592,0.74693686,0.7135815,1,0.9652
5930,삼성전자,0.5163399,0.17912939,0.5330889,0.21052632,0.7710647,0.7754772,0.70640177,0,0.687
5930,삼성전자,0.5200747,0.14934325,0.53154546,0.31578946,0.65963095,0.7665639,0.6813984,0,0.8653
5930,삼성전자,0.52567697,0.16390972,0.5303878,0.47368422,0.57070357,0.73370284,0.708966,0,0.8769
5930,삼성전자,0.52380955,0.11356903,0.5284584,0.42105263,0.46558258,0.67847687,0.6797955,0,0.8506
5930,삼성전자,0.5200747,0.105210625,0.52537143,0.35,0.34668335,0.5582012,0.62467444,0,0.6946
5930,삼성전자,0.5275444,0.116698794,0.52768666,0.78571427,0.46666476,0.49449235,0.7184905,0,0.8663
5930,삼성전자,0.5182073,0.14380611,0.5273008,0.42857143,0.49019054,0.45902964,0.65016294,0,0.8851
5930,삼성전자,0.48832867,0.17931521,0.5195832,0.08,0.4080699,0.42499155,0.5230878,0,0.594
5930,삼성전자,0.49766573,0.14024003,0.51418096,0.30769232,0.3844235,0.40800554,0.66096824,0,0.8519
5930,삼성전자,0.50700283,0.16366102,0.51147985,0.5,0.41571277,0.4224529,0.5049669,0,0.8712
5930,삼성전자,0.52380955,0.21814102,0.5107081,0.84615386,0.42832017,0.41442764,0.5234464,0,0.7685
5930,삼성전자,0.5275444,0.15942374,0.5126375,0.8,0.50579834,0.41769427,0.5234464,0,0.6259
5930,삼성전자,0.52194214,0.09829614,0.5195832,0.7,0.63512737,0.46521583,0.49019608,0,0.5237
5930,삼성전자,0.5163399,0.10842076,0.52344203,0.6,0.6961013,0.53044784,0.4588458,0,0.5621
5930,삼성전자,0.5312792,0.104149744,0.5284584,0.75,0.7482501,0.6000456,0.60836256,1,0.7338
5930,삼성전자,0.5200747,0.10372337,0.52768666,0.375,0.6499697,0.6464353,0.54083884,0,0.8534
5930,삼성전자,0.50700283,0.14459395,0.52344203,0.15,0.51438284,0.648232,0.46531892,0,0.6721
5930,삼성전자,0.49953315,0.12899345,0.5188115,0.0,0.36836627,0.5924007,0.44639114,-1,0.7692
5930,삼성전자,0.49766573,0.09627152,0.5149527,0.18518518,0.2818379,0.50569826,0.45253864,-1,0.7338
5930,삼성전자,0.5051354,0.09049238,0.50955045,0.4090909,0.21072592,0.39319816,0.45253864,-1,0.5463
5930,삼성전자,0.52194214,0.13658708,0.50993633,0.7826087,0.29575112,0.31906265,0.55483764,0,0.9083
5930,삼성전자,0.5144725,0.11898969,0.51147985,0.6086956,0.3914328,0.29333007,0.65562916,0,0.8594
