,Unnamed: 0,기준일자,기업명,종목코드,이연법인세부채,분기코드,비유동부채,비지배지분,유형자산의 처분,유동자산,무형자산의 취득,기타포괄손익,유동부채,자본금,유형자산의 취득,현금및현금성자산,재고자산,매출원가,자산총계,비유동자산,무형자산,이자의 지급,유형자산,이자의 수취,매출총이익,부채총계,금융수익,사업년도,분기명,주가코드,분기종가,발행주식수,PSR,GP/A
0,0,20180515,삼성전자,00126380,12349990000000.0,11013,1842051000000,94546000000,141569000000.0,72370085000000,218113000000,-22220000000,47168741000000,897514000000,7870910000000,7769590000000,8915860000000.0,25196260000000,205206164000000,132836079000000,2823356000000,53935000000.0,66737192000000,94118000000,17410718000000,49010792000000,799826000000,2018,1분기,005930,49200,1301110006246,1.5024443251362065,8.48450049482919
1,1,20180814,삼성전자,00126380,13186358000000.0,11012,1926719000000,81090000000,198281000000.0,68070224000000,429125000000,-29115000000,40203756000000,897514000000,13744369000000,3981948000000,9935909000000.0,24606173000000,203970112000000,135899888000000,2857695000000,136264000000.0,69235302000000,222063000000,16708550000000,42130475000000,1290033000000,2018,2분기,005930,45150,1301110006246,1.421893032709112,8.191665845631345
2,2,20181114,삼성전자,00126380,13750490000000.0,11014,1771916000000,178867000000,282945000000.0,81904347000000,604961000000,12234000000,46368714000000,897514000000,17692885000000,3920032000000,10357340000000.0,27578197000000,217799444000000,135895097000000,2814997000000,242658000000.0,69525464000000,360840000000,20067142000000,48140630000000,739900000000,2018,3분기,005930,44100,1301110006246,1.2042930637023823,9.213587340470896
3,3,20190401,삼성전자,00126380,15162523000000.0,11011,2888179000000,450142000000,340558000000.0,80039455000000,880032000000,-378321000000,43145053000000,897514000000,21387378000000,2607957000000,12440951000000.0,101666506000000,219021357000000,138981902000000,2901476000000,343270000000.0,70602493000000,459074000000,68715364000000,46033232000000,3737494000000,2018,4분기,005930,45050,1301110006246,0.3440213784564185,31.37381894679796
4,4,20190515,삼성전자,00126380,15404584000000.0,11013,2578260000000,31372000000,105460000000.0,82311689000000,250866000000,78192000000,44319180000000,897514000000,2821582000000,5573010000000,14336408000000.0,26452223000000,220646957000000,138335268000000,2876176000000,73267000000.0,70498616000000,98290000000,10586172000000,46897440000000,643068000000,2019,1분기,005930,42550,1301110006246,1.494725426567952,4.797787444673438
5,5,20190814,삼성전자,00126380,16507403000000.0,11012,2493071000000,141509000000,178924000000.0,72045329000000,530064000000,-19304000000,34868869000000,897514000000,7652264000000,3609930000000,14195751000000.0,28690721000000,212750718000000,140705389000000,3403175000000,159887000000.0,71562016000000,294659000000,9458953000000,37361940000000,1565306000000,2019,2분기,005930,43700,1301110006246,1.4904061112802747,4.446026358416332
6,6,20191114,삼성전자,00126380,17185000000000.0,11014,2451483000000,194395000000,378687000000.0,76848738000000,779437000000,-19415000000,37245240000000,897514000000,12185018000000,2135881000000,12646133000000.0,32735989000000,217247371000000,140398633000000,3439350000000,230733000000.0,71544177000000,470687000000,9468922000000,39696723000000,1104785000000,2019,3분기,005930,52800,1301110006246,1.627739680099996,4.358589913615111
7,7,20200330,삼성전자,00126380,17053808000000.0,11011,2073509000000,288074000000,600901000000.0,72659080000000,2855959000000,-851958000000,36237164000000,897514000000,17240242000000,2081917000000,12201712000000.0,113618444000000,216180920000000,143521840000000,8008653000000,306633000000.0,74090275000000,673363000000,41154415000000,38310673000000,4281534000000,2019,4분기,005930,47850,1301110006246,0.4022547247697421,19.0370246365868
8,8,20200515,삼성전자,00126380,17398010000000.0,11013,2013369000000,-47406000000,133196000000.0,76640880000000,1041942000000,-341997000000,41130269000000,897514000000,5423126000000,1734961000000,11753625000000.0,29720949000000,220572391000000,143931511000000,7814577000000,52483000000.0,74624240000000,119579000000,10366990000000,43143638000000,1619269000000,2020,1분기,005930,47850,1301110006246,1.5530385285926298,4.700039725280033
9,9,20200814,삼성전자,00126380,17602407000000.0,11012,2231155000000,138012000000,305261000000.0,71148585000000,1237786000000,204056000000,37215802000000,897514000000,13000016000000,3039195000000,12090721000000.0,26252598000000,218197402000000,147048817000000,7401569000000,87943000000.0,78296370000000,252408000000,11651502000000,39446957000000,800092000000,2020,2분기,005930,58000,1301110006246,1.9909292230198843,5.33989034388228
10,10,20201116,삼성전자,00126380,18362110000000.0,11014,2057001000000,170909000000,356094000000.0,80000498000000,1711090000000,-28298000000,44642243000000,897514000000,19150071000000,2700629000000,12836108000000.0,33462592000000,228286881000000,148286383000000,6933886000000,124292000000.0,79988905000000,356569000000,14338642000000,46699244000000,911152000000,2020,3분기,005930,66300,1301110006246,1.804631098312437,6.280975033339739
11,11,20210309,삼성전자,00126380,18810845000000.0,11011,1934799000000,359529000000,431142000000.0,73798549000000,2239834000000,-549299000000,44412904000000,897514000000,26962042000000,989045000000,13831372000000.0,116753419000000,229664427000000,155865878000000,7002648000000,148262000000.0,86166924000000,448323000000,49557772000000,46347703000000,5676877000000,2020,4분기,005930,81400,1301110006246,0.6368203719280947,21.578340471508895
12,12,20210517,삼성전자,00126380,20206147000000.0,11013,1840817000000,219632000000,190300000000.0,78618052000000,644893000000,16006000000,59933681000000,897514000000,7449044000000,8291000000000,12864656000000.0,33137562000000,236530572000000,157912520000000,6878693000000,23076000000.0,88554997000000,68537000000,11904828000000,61774498000000,920764000000,2021,1분기,005930,79600,1301110006246,2.2993530427044746,5.033103289497816
13,13,20210817,삼성전자,00126380,20561350000000.0,11012,3720941000000,140678000000,318318000000.0,62447619000000,1454242000000,-80229000000,42753766000000,897514000000,17369129000000,4881542000000,12794771000000.0,31002588000000,227827588000000,165379969000000,9218016000000,45404000000.0,93677031000000,167563000000,14766046000000,46474707000000,757914000000,2021,2분기,005930,74200,1301110006246,2.1093564309446773,6.481237030872661
14,14,20211115,삼성전자,00126380,22487982000000.0,11014,3696390000000,291503000000,390249000000.0,73253025000000,2012016000000,-105283000000,49597918000000,897514000000,25648685000000,3928457000000,13499961000000.0,35634079000000,240684418000000,167431393000000,8989979000000,79260000000.0,96420021000000,225993000000,18285733000000,53294308000000,1408263000000,2021,3분기,005930,71400,1301110006246,1.722915028820286,7.597389624117669
15,15,20220308,삼성전자,00126380,23198205000000.0,11011,4851149000000,871837000000,408560000000.0,73553416000000,2459929000000,-613225000000,53067303000000,897514000000,36021504000000,3918872000000,15973053000000.0,135823433000000,251112184000000,177558768000000,8657456000000,125036000000.0,103667025000000,282918000000,63921272000000,57918452000000,3796979000000,2021,4분기,005930,69500,1301110006246,0.4527136047691327,25.45526504600032
16,16,20220516,삼성전자,00126380,23705374000000.0,11013,4278465000000,236954000000,55545000000.0,81466028000000,863935000000,-116928000000,56799776000000,897514000000,6939519000000,9129795000000,18708199000000.0,39184912000000,259354011000000,177887983000000,8333496000000,50096000000.0,104032562000000,57351000000,17539346000000,61078241000000,1739895000000,2022,1분기,005930,66300,1301110006246,1.5207531390557776,6.7627047418210156
17,17,20220816,삼성전자,00126380,26341382000000.0,11012,4745989000000,178247000000,239039000000.0,76194477000000,1335396000000,-100478000000,50310861000000,897514000000,16286602000000,3079118000000,21390252000000.0,39964268000000,258971297000000,182776820000000,8181534000000,117383000000.0,108381976000000,161320000000,18677020000000,55056850000000,2489143000000,2022,2분기,005930,61000,1301110006246,1.3534441873276386,7.212003884739396
18,18,20221114,삼성전자,00126380,28896279000000.0,11014,5134628000000,361777000000,260949000000.0,73953657000000,2885624000000,-165065000000,48848744000000,897514000000,26103575000000,6965195000000,25680933000000.0,38689379000000,261029078000000,187075421000000,8883979000000,210740000000.0,112946314000000,253051000000,15021662000000,53983372000000,3400924000000,2022,3분기,005930,61900,1301110006246,1.4994814452884537,5.7547849132731494
19,19,20230307,삼성전자,00126380,5111332000000.0,11011,4581512000000,914634000000,288684000000.0,59062658000000,3298378000000,613118000000,46086047000000,897514000000,39160176000000,3921593000000,27990007000000.0,152589393000000,260083750000000,201021092000000,8561424000000,287488000000.0,123266986000000,339560000000,59278090000000,50667559000000,9734299000000,2022,4분기,005930,60700,1301110006246,0.3727678087303855,22.791923755328813
20,20,20230515,삼성전자,00126380,4634692000000.0,11013,17118387000000,267337000000,52599000000.0,67947428000000,1031652000000,-152805000000,46323496000000,897514000000,11093859000000,8414405000000,30485357000000.0,37113489000000,274410387000000,206462959000000,11318579000000,90232000000.0,126355577000000,45168000000,5055190000000,63441883000000,2153358000000,2023,1분기,005930,64500,1301110006246,1.9901404879879447,1.8422006744227215
21,21,20180515,현대자동차,00164742,3233121000000.0,11013,5157419000000,48478000000,20287000000.0,23084566000000,239771000000,4051000000,10914902000000,1488993000000,697658000000,88841000000,2650762000000.0,8059414000000,69903098000000,46818532000000,3674807000000,28761000000.0,22143167000000,64895000000,1613057000000,16072321000000,337034000000,2018,1분기,005380,148500,1101110085450,16.905178386094413,2.3075615332527897
22,22,20180814,현대자동차,00164742,3335720000000.0,11012,5315767000000,117336000000,25850000000.0,23265407000000,523031000000,-139720000000,10618646000000,1488993000000,994441000000,299866000000,2798640000000.0,9075361000000,69954118000000,46688711000000,3672844000000,67717000000.0,22227267000000,150085000000,1911934000000,15934413000000,494858000000,2018,2분기,005380,123000,1101110085450,12.326650054481107,2.733125732497978
23,23,20181114,현대자동차,00164742,3408947000000.0,11014,5667984000000,13613000000,66075000000.0,21962177000000,845982000000,93866000000,9732907000000,1488993000000,1452358000000,104797000000,2762083000000.0,8750012000000,69003201000000,47041024000000,3694345000000,104791000000.0,22328667000000,224726000000,1334993000000,15400891000000,115804000000,2018,3분기,005380,101500,1101110085450,11.082064279906158,1.934682711313639
24,24,20220217,현대자동차,00164742,,11011,4429408000000,94768000000,79133000000.0,22325069000000,1442606000000,-532103000000,12737313000000,1488993000000,1993920000000,194203000000,2863652000000.0,36403490000000,69408737000000,47083668000000,3915129000000,142051000000.0,22904948000000,360805000000,6756618000000,17166721000000,1076260000000,2018,4분기,005380,183500,1101110085450,4.681492008316453,9.734535293445838
25,25,20190515,현대자동차,00164742,3377152000000.0,11013,4661080000000,174371000000,8606000000.0,22073353000000,231578000000,-10290000000,13080655000000,1488993000000,734461000000,108543000000,2830211000000.0,9365142000000,70067950000000,47994597000000,3922206000000,17554000000.0,22742489000000,74732000000,1911790000000,17741735000000,340555000000,2019,1분기,005380,128000,1101110085450,12.4982655688267,2.728479996917278
26,26,20190814,현대자동차,00164742,3390198000000.0,11012,4668572000000,117696000000,12913000000.0,23929191000000,537178000000,17194000000,14195159000000,1488993000000,1011590000000,191729000000,3165390000000.0,10369310000000,72224829000000,48295638000000,3955830000000,37572000000.0,22791449000000,148902000000,2583605000000,18863731000000,590809000000,2019,2분기,005380,127500,1101110085450,10.838605510410204,3.577170116941364
27,27,20191114,현대자동차,00164742,3528142000000.0,11014,4743336000000,47106000000,31276000000.0,21628713000000,903829000000,-20795000000,12933355000000,1488993000000,1393857000000,384531000000,3202662000000.0,9382639000000,71244763000000,49616050000000,4034875000000,50292000000.0,22988350000000,214479000000,1951398000000,17676691000000,466091000000,2019,3분기,005380,124500,1101110085450,12.09526717078169,2.7390055322382083
28,28,20220217,현대자동차,00164742,,11011,5089342000000,295930000000,57168000000.0,22346792000000,1491369000000,-66326000000,15148868000000,1488993000000,1776500000000,382000000000,3065329000000.0,40324396000000,73758825000000,51412033000000,4270089000000,132884000000.0,24413350000000,277444000000,8831297000000,20238210000000,1562521000000,2019,4분기,005380,183500,1101110085450,4.110484225704538,11.973207273841469
29,29,20200515,현대자동차,00164742,3661036000000.0,11013,4860296000000,295456000000,14157000000.0,20840752000000,262619000000,-382715000000,15409856000000,1488993000000,665745000000,810543000000,3088219000000.0,9081479000000,73446360000000,52605608000000,4292244000000,23666000000.0,24268424000000,37994000000,2193486000000,20270152000000,372740000000,2020,1분기,005380,92300,1101110085450,9.013993470226737,2.9865142397798885
30,30,20200814,현대자동차,00164742,3457345000000.0,11012,6046491000000,-31225000000,29235000000.0,21464025000000,616491000000,112555000000,14648064000000,1488993000000,1237848000000,503423000000,3274309000000.0,9712332000000,74466283000000,53002258000000,4331073000000,44616000000.0,24614457000000,115379000000,2418778000000,20694555000000,53464000000,2020,2분기,005380,167000,1101110085450,15.158166422540889,3.248151918634102
31,31,20201116,현대자동차,00164742,3433712000000.0,11014,6988242000000,182309000000,42518000000.0,22969659000000,982853000000,99177000000,16009664000000,1488993000000,1709012000000,527200000000,3539007000000.0,10259265000000,76622608000000,53652949000000,4365604000000,68046000000.0,24618090000000,176738000000,2422658000000,22997906000000,53474000000,2020,3분기,005380,179000,1101110085450,15.541704936668516,3.161805716662633
32,32,20220217,현대자동차,00164742,3277573000000.0,11011,7354342000000,507304000000,89925000000.0,24612104000000,1509715000000,117366000000,17709438000000,1488993000000,2328781000000,469990000000,3043468000000.0,41007374000000,78252289000000,53640185000000,4513565000000,93509000000.0,24825586000000,204924000000,9653628000000,25063780000000,540291000000,2020,4분기,005380,183500,1101110085450,3.9883478948970454,12.336543918862233
33,33,20210517,현대자동차,00164742,3476991000000.0,11013,8131472000000,272460000000,6361000000.0,24680221000000,231021000000,91577000000,17530913000000,1488993000000,632997000000,387213000000,3066233000000.0,10965356000000,79421458000000,54741237000000,4456854000000,21213000000.0,24636074000000,42920000000,2412376000000,25662385000000,372312000000,2021,1분기,005380,227000,1101110085450,18.684182744664792,3.0374360541202856
34,34,20210817,현대자동차,00164742,3685427000000.0,11012,7808445000000,246177000000,19892000000.0,24410605000000,494167000000,89154000000,17869084000000,1488993000000,1075036000000,376718000000,2828347000000.0,11917311000000,80480341000000,56069736000000,4391112000000,42343000000.0,24709763000000,81718000000,2610008000000,25677529000000,361524000000,2021,2분기,005380,213000,1101110085450,16.144510091700333,3.2430379488575976
35,35,20211115,현대자동차,00164742,3990111000000.0,11014,7700141000000,218319000000,30903000000.0,22107711000000,779669000000,-188151000000,16205394000000,1488993000000,1541265000000,766737000000,2822401000000.0,10663617000000,78428926000000,56321215000000,4346898000000,62501000000.0,24778803000000,130898000000,1672958000000,23905535000000,298448000000,2021,3분기,005380,209000,1101110085450,18.65444889355838,2.1330879884801686
36,36,20220316,현대자동차,00164742,3689328000000.0,11011,7039497000000,922502000000,45402000000.0,23330493000000,1338060000000,129630000000,20043791000000,1488993000000,2124711000000,653462000000,2680332000000.0,46539009000000,79758300000000,56427807000000,4410003000000,83535000000.0,25264360000000,174155000000,9066111000000,27083288000000,1329888000000,2021,4분기,005380,168000,1101110085450,3.3267888704421464,11.366981242077626
37,37,20220516,현대자동차,00164742,3944088000000.0,11013,7097501000000,264210000000,7520000000.0,22218352000000,246245000000,-43709000000,19336425000000,1488993000000,796993000000,995991000000,2863016000000.0,11217183000000,78786456000000,56568104000000,4309808000000,23857000000.0,25062598000000,39846000000,1875505000000,26433926000000,1314308000000,2022,1분기,005380,184000,1101110085450,15.474611151109688,2.380491641862911
38,38,20220816,현대자동차,00164742,4330739000000.0,11012,6545517000000,639010000000,22990000000.0,24345954000000,535958000000,-293181000000,21916128000000,1488993000000,1165236000000,868241000000,3296710000000.0,13139804000000,81049841000000,56703887000000,4206456000000,57711000000.0,25043772000000,87799000000,3136419000000,28461645000000,160465000000,2022,2분기,005380,197500,1101110085450,13.3611613625824,3.8697410893131794
39,39,20221114,현대자동차,00164742,4900182000000.0,11014,6923731000000,402544000000,33467000000.0,23777242000000,768524000000,-248273000000,21905926000000,1488993000000,1570303000000,2368919000000,3286791000000.0,13400032000000,82141583000000,58364341000000,4062464000000,105448000000.0,25048860000000,153188000000,3059748000000,28829657000000,403389000000,2022,3분기,005380,176000,1101110085450,11.773873954524301,3.724968387814002
40,40,20230315,현대자동차,00164742,5027741000000.0,11011,6212960000000,800080000000,57554000000.0,23819313000000,1442630000000,248254000000,21443574000000,1488993000000,2178158000000,4897550000000,3539383000000.0,53137884000000,83412349000000,59593036000000,4213714000000,153026000000.0,25644467000000,254416000000,12170466000000,27656534000000,1940396000000,2022,4분기,005380,174300,1101110085450,2.9387281701946995,14.590724450165046
41,41,20230515,현대자동차,00164742,5571789000000.0,11013,5737382000000,166133000000,21432000000.0,25023564000000,214927000000,-93097000000,23166461000000,1488993000000,912435000000,5157722000000,3974112000000.0,15096540000000,84670224000000,59646660000000,4072142000000,53256000000.0,25435316000000,94247000000,3323312000000,28903843000000,751886000000,2023,1분기,005380,208000,1101110085450,12.43391628627635,3.9250067414490366
42,42,20180515,셀트리온,00413046,73219500973.0,11013,251910107105,138140515829,15000000.0,1443237595877,-26350824286,14146653328,478585948906,125108377000,-5633333687,473433772109,127573642920.0,73049615969,3341021190067,1897783594190,929541285932,-3634817036.0,633981438399,1946147910,147424657320,730496056011,11436587313,2018,1분기,068270,233489,1350110034038,1429.807827620251,4.412562774468473
43,43,20180814,셀트리온,00413046,66880689312.0,11012,171717556685,137446637241,15000000.0,1464092502318,-63263178611,-6631835533,517353232496,125395903000,-18940023881,392081341573,133697543306.0,84853860533,3383859229616,1919766727298,946389360294,-7392363247.0,639777780949,4517251399,146285933130,689070789181,3965498315,2018,2분기,068270,227390,1350110034038,1328.2071242458,4.323050198119516
44,44,20181114,셀트리온,00413046,69270277428.0,11014,161901220628,112959463281,18000000.0,1472603113097,-85306925994,601803425,504189818502,125395903000,-32034816963,365492400901,138445129098.0,80678391957,3320973333725,1848370220628,860991690110,-10868716139.0,645255957429,6344150368,118617500359,666091039130,2610742282,2018,3분기,068270,181215,1350110034038,1227.6228424731773,3.5717691302854155
45,45,20220512,셀트리온,00413046,62284743973.0,11011,218455704094,108755540845,18420000.0,1482310007849,-108198557520,1208688981,548121290075,125456133000,-72094133684,399558425745,125717441514.0,347308261920,3370639261764,1888329253915,877141249708,-13995411324.0,677870722592,9633876570,514575964386,766576994169,21096127600,2018,4분기,068270,148826,1350110034038,233.13047134755365,15.266420534029509
46,46,20190515,셀트리온,00413046,59596143379.0,11013,221845397101,107995275869,,1417582248705,-27084253375,329909084,494596599522,127953489000,-19714825375,397885441171,157786487732.0,68128438543,3368891999135,1951309750430,918862247950,-2327554176.0,692742266384,2495703882,123378528651,716441996623,4502093741,2019,1분기,068270,173810,1350110034038,1225.3477168714562,3.6622880366209065
47,47,20190814,셀트리온,00413046,54921250282.0,11012,310161117742,109284724616,,1531524247770,-67839076173,-2620909014,452146500550,128329070000,-23281939418,428922699070,220615061035.0,72970650562,3510134636349,1978610388579,945280546159,-5892349812.0,681809290655,4952740065,123853794350,762307618292,6000186094,2019,2분기,068270,136122,1350110034038,933.7238478456694,3.5284627850863344
48,48,20191114,셀트리온,00413046,58139156070.0,11014,308803889640,109688762258,20000000.0,1598907435843,-113768675680,-625636302,499830109000,128336328000,-46853304950,545692776322,235490304268.0,93306980923,3620387076398,2021479640555,965638672808,-8643805109.0,696544334403,8028424542,154874777089,808633998640,4592743867,2019,3분기,068270,165386,1350110034038,899.7006866177983,4.277851340776749
49,49,20220512,셀트리온,00413046,66655092827.0,11011,286291312657,112803847776,20100000.0,1610730917459,-190291757874,-2420310613,517564388814,128337853000,-63657999673,526092843365,268715675450.0,410455518192,3674522702268,2063791784809,987732187355,-11427965912.0,701428195334,11362767142,571414750660,803855701471,17289400049,2019,4분기,068270,148826,1350110034038,204.64157261902625,15.550720378113589
50,50,20200515,셀트리온,00413046,68852177308.0,11013,345126170926,112336928059,0.0,1811414509571,-31906709044,2585585628,572696526904,134706932000,-14279687163,565895284594,269723850829.0,167382667888,3928985413043,2117570903472,1038866075818,-2287179295.0,703203831635,2227799407,178311534147,917822697830,8014565512,2020,1분기,068270,201934,1350110034038,788.6540127329836,4.538360808239745
51,51,20200814,셀트리온,00413046,75391684148.0,11012,300752645021,113051735576,300000.0,2025165163967,-59290210899,1264973766,676006418464,134939385000,-23405070232,675769153813,305744374041.0,168608807183,4153445480616,2128280316649,1043211295199,-4642289430.0,699671809186,3657609337,235664728082,976759063485,1346575183,2020,2분기,068270,282707,1350110034038,944.1269934787772,5.67395742117815
52,52,20201116,셀트리온,00413046,83284947494.0,11014,312007199564,118225775128,430000.0,2285803632417,-116243081401,4041366289,756435973291,134993738000,-30282701191,647400165054,349728998541.0,191549397322,4428179144084,2142375511667,1076978292417,-6725425303.0,692449126395,5120026557,295820785791,1068443172855,618655272,2020,3분기,068270,267853,1350110034038,742.0048158000135,6.680415948984661
53,53,20220512,셀트리온,00413046,84981288478.0,11011,459265660740,119903308981,953065610.0,2294204328641,-159925049013,10618036884,900571681471,134997805000,-45326173431,615216683989,333901355140.0,734324263547,4781125289232,2486920960591,1088436038129,-9029341836.0,695641290578,5798895209,955462733266,1359837342211,9255305258,2020,4분기,068270,148826,1350110034038,118.90935147725926,19.98405554060428
54,54,20210531,셀트리온,00413046,70086834111.0,11013,448841862191,118735321262,1825000.0,2419272183592,-33312570276,-5880620690,871245632927,137703428000,-6923942391,672749229360,380485166558.0,134369721526,4925713537003,2506441353411,1125885322327,-2757558866.0,692133156164,994627977,250202159154,1320087495118,14799132775,2021,1분기,068270,259523,1350110034038,911.1030316207566,5.079510963729997
55,55,20210817,셀트리온,00413046,49424836729.0,11012,447198481066,123921226315,2175000.0,2392394307500,-110951165919,1588915410,777720943201,137916534000,-16047586188,745078472673,392689598440.0,157561670206,4973283235071,2580888927571,1176942399385,-5261612134.0,692306530455,1777859576,188683871952,1224919424267,2910102615,2021,2분기,068270,259050,1350110034038,1010.1097681654672,3.793949852311323
56,56,20211115,셀트리온,00413046,37443588527.0,11014,388241854301,128982102152,13275000.0,2564341063794,-201072947982,-2390163253,906842467881,137934716000,-35603423315,840549500961,477532676773.0,123057607416,5185056559525,2620715495731,1220506031152,-7785269125.0,701689873662,2687803509,209440519790,1295084322182,22182723018,2021,3분기,068270,220287,1350110034038,894.476283422393,4.039310225174993
57,57,20220512,셀트리온,00413046,20032468308.0,11011,365385720997,16435876563,13425000.0,2699784599659,-245788947661,-8077303670,950175730474,137947128000,-52507708197,1078949146435,505891196547.0,685970660880,5315369383748,2615584784089,1174744172771,-10364848688.0,706187829304,4079864729,929869228928,1315561451471,42417512025,2021,4분기,068270,148826,1350110034038,124.35110507738165,17.493971948047868
58,58,20220516,셀트리온,00413046,25402796937.0,11013,411346496978,2745410096,150000.0,2669666011454,-45120120041,405533607,1064245615636,140688010000,-16418104356,884855735763,601068659230.0,311942839913,5317701177005,2648035165551,1201070102471,-2743156976.0,712562114956,3025873988,226660416582,1475592112614,7330366107,2022,1분기,068270,135822,1350110034038,340.46330546984274,4.262375959787536
59,59,20220816,셀트리온,00413046,26177870567.0,11012,422053110196,671000949,980000.0,2643621550077,-84242474604,-1026234381,960233739411,140767851000,-45029195079,487541633592,602572967744.0,254383604919,5334547658842,2690926108765,1215068116395,-6218329287.0,735841414700,5701065165,243589708808,1382286849607,6981621610,2022,2분기,068270,203251,1350110034038,551.0560645799904,4.566267364848651
60,60,20221114,셀트리온,00413046,26164996673.0,11014,431608895980,277973305,1130000.0,2757305042007,-135278719923,-745020455,963235887155,140791866000,-87541760412,543586851440,564471842049.0,215582294831,5499440966395,2742135924388,1244786492252,-10546665798.0,755095090479,8462384642,237117262448,1394844783135,6789672166,2022,3분기,068270,178206,1350110034038,531.4732582729141,4.311661201510003
61,61,20230320,셀트리온,00413046,,11011,296194697401,4811149867,2040000.0,2580534103661,-197838456608,191451187,1105339629955,140805210000,-107155737359,501359476759,544603169670.0,1052058067945,5571483129934,2990949026273,1318556078705,-16224945721.0,775993732622,11771407782,885411229528,1401534327356,24067143477,2022,4분기,068270,157900,1350110034038,110.03135618853389,15.891840805744101
62,62,20230512,셀트리온,00413046,815807855.0,11013,293110326086,1923284175,1860000.0,2726226774921,-32009373794,1207227775,1334612127077,146331198000,-41778142586,453817118087,429597953833.0,296116930273,5800620905047,3074394130126,1364407327680,-6863296137.0,808335026336,3597033900,239463479522,1627722453163,7055910978,2023,1분기,068270,166600,1350110034038,419.9711706349097,4.12823874274645
63,63,20180515,POSCO홀딩스,00155319,1281531203654.0,11013,4318913746396,90570531904,-1876414242.0,16292071194811,11424963039,-41364011894,4238393922897,482403125000,372762151247,412279465569,4529807288664.0,6290057611162,54934594731229,38642523536418,552399779157,13918356749.0,21417745684463,29977189856,1470832416943,8557307669293,-173559293067,2018,1분기,005490,370500,1746110000741,83.35819125535326,2.677424715953838
64,64,20180911,POSCO홀딩스,00155319,1241375723628.0,11012,3916091110711,46736788594,9722383133.0,15652085722176,22505374653,-18905593615,4082046440984,482403125000,759075436967,224843418363,4463424844031.0,6430635291453,54007996043783,38355910321607,523543542361,69487280724.0,21234346367707,70101510154,1274209854970,7998137551695,-336029421407,2018,2분기,005490,292000,1746110000741,66.17447989244509,2.3592985267163558
65,65,20181114,POSCO홀딩스,00155319,1226822861024.0,11014,4991692455730,27202322484,12563447830.0,17881691569443,42070064827,32180890628,4324356555301,482403125000,1095951273909,979302360050,4534183030023.0,6353479816049,56127620542359,38245928972916,527963100736,84953953309.0,21044269208333,106661678138,1552028268695,9316049011031,-349195727847,2018,3분기,005490,249000,1746110000741,54.997273486260475,2.765177382717834
66,66,20190401,POSCO홀딩스,00155319,1179671644521.0,11011,4957905021987,192040415501,4551389365.0,16796400047219,58807683670,-237702536160,3895972889381,482403125000,1677961869614,259219202425,5288008733361.0,25728293176018,54125979686154,37329579638935,645222018546,148129201618.0,20154333945364,154529450860,4931132257497,8853877911368,-443951555523,2018,4분기,005490,266500,1746110000741,15.177659353289682,9.110472061826599
67,67,20190515,POSCO홀딩스,00155319,1163836971244.0,11013,5047008023671,20828768560,4436231721.0,17603455407023,63551645186,-12994715018,4164307178881,482403125000,342130600062,419647727341,4997912504603.0,6727506687412,55211816256681,37608360849658,660559525724,26082460822.0,19952653036327,33003563297,1088964295366,9211315202552,-258770633463,2019,1분기,005490,240000,1746110000741,53.61324837016185,1.9723392005497158
68,68,20190814,POSCO홀딩스,00155319,1206869975139.0,11012,5138815862554,73628706565,0.0,17599358118224,79223416599,36703480967,3105705013576,482403125000,703191832369,556441450682,5384737630988.0,6484076647311,54637578175447,37038220057223,665898315848,81228073605.0,19321085480933,74330179494,991777331804,8244520876130,-456317287608,2019,2분기,005490,206000,1746110000741,48.11472524176128,1.8151927023911982
69,69,20191114,POSCO홀딩스,00155319,1160489166108.0,11014,6266838232201,77128923465,,17716458788079,120666288490,-69948178311,2825160798240,482403125000,1128328793583,1048877409838,5285575103930.0,6812556910824,55427981733098,37711522945019,679708140201,105867608710.0,19944285458208,117262790850,923338031973,9091999030441,-623502346003,2019,3분기,005490,220000,1746110000741,49.657370349981555,1.6658337595966306
70,70,20200320,POSCO홀딩스,00155319,1190553024206.0,11011,6765134918740,131374361658,,18216066010030,132660961689,-65599558850,3331446367137,482403125000,1903965903409,978138798756,4988529839417.0,26700873690120,55710766417120,37494700407090,708914719964,160949702386.0,20132198550174,147682738270,3672637048395,10096581285877,-598302642776,2019,4분기,005490,144500,1746110000741,8.307004655445715,6.592329067773142
71,71,20200515,POSCO홀딩스,00155319,1088318248227.0,11013,8707336045732,32287819506,,20774351810895,50011318313,-194508301749,4179100856034,482403125000,672114012757,2341514001438,4767695751270.0,6230403636658,58436377783932,37662025973037,717739614953,37792590157.0,20181710082293,28266654644,739452399840,12886436901766,-526932371282,2020,1분기,005490,168000,1746110000741,42.087882244391345,1.2653973909439062
72,72,20200813,POSCO홀딩스,00155319,1003013444197.0,11012,7479748906924,72875550537,-49933905011.0,20016741294623,68813410397,33465216703,4737598075389,482403125000,1322802187529,2446945191531,4215793500041.0,5742815978922,57620108949580,37603367654957,667490947922,106973802430.0,20187096847697,83513337319,142007652082,12217346982313,-551379606873,2020,2분기,005490,206000,1746110000741,61.12309946853554,0.24645502181584317
73,73,20201119,POSCO홀딩스,00155319,1021937192074.0,11014,7310016434911,48962318409,-64430911347.0,20873341426052,118999583618,5959741109,5646183881518,482403125000,1817307024585,2986905929287,3852918522825.0,6064350693634,58325739070496,37452397644444,667803696578,161098043688.0,20085559850095,156619086296,513536027093,12956200316429,-573675913486,2020,3분기,005490,236000,1746110000741,62.646557727484236,0.8804621000555337
74,74,20210304,POSCO홀딩스,00155319,848316508827.0,11011,6591153732744,155072093371,-102353755541.0,19579953330110,101427245510,-61783269016,5089110669881,482403125000,2450816085965,1822659511020,4093829396206.0,24323352080110,56794968501529,37215015171419,621926266536,230536965914.0,20216932016206,197306223923,2186568366074,11680264402625,-779150335638,2020,4분기,005490,309000,1746110000741,20.352682359959132,3.84993323134801
75,75,20210524,POSCO홀딩스,00155319,884405989711.0,11013,6831454100630,129340680525,-16803850801.0,20397788524951,18804565960,75016177618,5753568365825,482403125000,370230464150,1828882715194,4758851478149.0,6466896335617,58265314086534,37867525561583,590373046056,51859473305.0,20078791653983,31087456712,1333550234876,12585022466455,-471811248080,2021,1분기,005490,355500,1746110000741,79.57776515148845,2.2887549063846957
76,76,20210813,POSCO홀딩스,00155319,902703516477.0,11012,6850031810265,133390677713,-31683769749.0,21057743395812,23448209614,33581653799,5347755646162,482403125000,753743320997,1681125879120,5324505558326.0,7412042388375,59000649918779,37942906522967,563500617592,100349928445.0,19930520304193,66342747455,1865310892744,12197787456427,-682276712573,2021,2분기,005490,341000,1746110000741,64.18032085341297,3.1615090601744376
77,77,20211115,POSCO홀딩스,00155319,848960313901.0,11014,8764362173631,230095933020,-45611869967.0,24842655660060,34435584716,-19283080578,6270412022556,482403125000,1198495931927,2423235053053,6528000781715.0,8712577623117,63353600632409,38510944972349,549698611904,151397806816.0,19774323641806,99668668182,2602146009355,15034774196187,-1133962906386,2021,3분기,005490,285000,1746110000741,43.98175036136186,4.1073372047994585
78,78,20221114,POSCO홀딩스,00155319,747652538063.0,11011,7339064914051,628917523612,-59806284373.0,25918879999015,49477724415,115536077192,7868269046806,482403125000,1968288884784,2042273512181,7623202043450.0,32136438491188,64242758955889,38323878956874,551410426109,-716639599180.0,19772298550978,144368849328,7783762345436,15207333960857,-1276011130544,2021,4분기,005490,294500,1746110000741,12.881433070007375,12.116170712376416
79,79,20220516,POSCO홀딩스,00155319,3009177081728.0,11013,4467709468629,214947479400,-14485002642.0,5875723628951,8668278674,14451991543,1740014138694,482403125000,355821595282,532410194795,,6465259462743,53333865909937,47458142280986,13676722585,50424126884.0,143758772501,38674284562,2928765425577,6207723607323,-125555822774,2022,1분기,005490,281000,1746110000741,52.230744121007824,5.49138033706895
80,80,20220816,POSCO홀딩스,00155319,2947065492192.0,11012,4318126500164,254454407727,-14485002642.0,4060603659405,8668278674,-180818983408,345619300214,482403125000,355821595282,251505029994,,-190076440,51483262433593,47422658774188,13513844769,50424126884.0,143189169662,62434274729,2733139872051,4663745800378,-258483606915,2022,2분기,005490,258000,1746110000741,164.83887882413933,5.308793077315973
81,81,20221114,POSCO홀딩스,00155319,2785763487427.0,11014,4201026696794,213864027182,-14485002642.0,3457736374418,9519018576,-13412420521,125078244418,482403125000,356941976458,452734593196,,-950323950,50860490239671,47402753865253,14401244987,50424126884.0,142646703013,87251112870,1607959638506,4326104941212,-359096307742,2022,3분기,005490,294500,1746110000741,319.9915461350644,3.161510301864525
82,82,20230309,POSCO홀딩스,00155319,2480379296280.0,11011,3858263509655,413709215105,-14447214917.0,4308290115146,10194840491,-112325245211,118993021955,482403125000,359532593243,1415201182566,,6463245690193,51149119209287,46840829094141,15901608719,50424126884.0,145005572040,44614715351,7649292423855,3977256531610,-346941713822,2022,4분기,005490,322500,1746110000741,39.90214025912371,14.954885914176486
83,83,20230515,POSCO홀딩스,00155319,2479965237979.0,11013,4003858338544,162765430814,,4666743175229,753468732,122004644182,228123536969,482403125000,5361715720,1306944978428,15028038621129.0,-1414087500,51928754579356,47262011404127,16173368781,,139554789507,12615242265,1373435600518,4231981875513,-158017590224,2023,1분기,005490,368000,1746110000741,468.33702983216847,2.6448460234476756
